frame_id,vehicle_id,x1,y1,x2,y2
2,1,401,118,503,187
2,2,570,227,697,325
2,3,522,34,593,75
2,4,569,0,622,40
2,5,803,290,963,423
2,6,850,429,1044,627
2,7,503,116,598,182
2,8,273,433,499,589
3,1,400,119,503,188
3,2,567,233,698,333
3,3,523,37,592,78
3,4,570,1,623,41
3,5,803,291,965,426
3,6,849,430,1043,628
3,7,503,118,599,186
3,8,263,441,498,602
4,1,401,118,503,188
4,2,568,238,701,340
4,3,522,38,593,80
4,4,571,2,624,41
4,5,804,292,966,427
4,6,848,432,1041,630
4,7,501,119,601,190
4,8,254,451,493,614
5,1,401,119,503,188
5,2,566,245,702,349
5,3,521,40,595,84
5,4,571,1,627,43
5,5,804,294,967,430
5,6,849,436,1046,637
5,7,501,124,600,194
5,8,238,460,492,634
6,1,401,119,503,189
6,2,563,249,701,354
6,3,520,42,596,87
6,4,571,1,629,45
6,5,804,296,967,433
6,6,852,438,1049,640
6,7,499,128,599,199
6,8,223,472,485,650
7,1,401,119,504,189
7,2,558,251,703,362
7,3,519,44,596,90
7,4,571,1,630,46
7,5,805,297,969,436
7,6,856,439,1051,640
7,7,498,131,598,203
7,8,215,486,478,665
8,1,401,119,504,189
8,2,556,258,704,370
8,3,519,45,597,92
8,4,571,3,630,47
8,5,807,298,972,439
8,6,854,439,1053,644
8,7,496,134,599,207
8,8,196,494,475,683
9,1,401,120,504,189
9,2,555,265,700,375
9,3,518,46,597,93
9,4,574,6,629,47
9,5,809,301,972,441
9,6,852,439,1057,652
9,7,495,136,599,211
9,8,172,508,466,704
10,1,402,120,505,189
10,2,549,268,701,383
10,3,519,47,597,95
10,4,576,9,630,48
10,5,812,302,974,443
10,6,851,438,1062,658
10,7,494,139,600,216
10,8,152,517,462,723
11,1,402,120,505,190
11,2,547,275,702,393
11,3,519,49,597,97
11,4,577,10,631,49
11,5,812,304,973,445
11,6,854,443,1057,656
11,7,497,146,604,224
11,8,133,532,453,742
12,1,402,121,504,190
12,2,546,283,701,401
12,3,519,51,598,99
12,4,578,12,631,51
12,5,812,305,972,447
12,6,857,445,1055,653
12,7,498,151,603,228
12,8,115,547,444,763
13,1,402,121,504,190
13,2,543,288,699,408
13,3,518,51,599,101
13,4,577,13,631,52
13,5,814,307,973,449
13,6,858,445,1054,651
13,7,497,154,602,231
13,8,100,564,434,781
14,1,402,121,504,191
14,2,539,294,701,419
14,3,516,53,599,103
14,4,576,15,631,54
14,5,815,308,974,450
14,6,855,447,1053,655
14,7,495,158,603,236
14,8,83,582,430,806
15,1,402,121,504,191
15,2,537,303,696,425
15,3,517,55,598,104
15,4,574,15,631,55
15,5,815,308,973,452
15,6,853,451,1052,660
15,7,494,162,602,241
15,8,56,598,416,829
16,1,401,121,504,191
16,2,531,310,693,435
16,3,516,56,598,106
16,4,574,16,632,56
16,5,814,308,977,458
16,6,855,453,1053,660
16,7,491,165,603,246
16,8,27,615,413,861
17,1,401,122,504,192
17,2,527,317,693,444
17,3,517,59,600,109
17,4,575,18,633,58
17,5,814,308,978,461
17,6,852,454,1056,667
17,7,489,169,604,253
17,8,0,629,411,894
18,1,401,122,503,192
18,2,523,324,696,457
18,3,518,60,601,110
18,4,576,20,632,59
18,5,814,308,979,462
18,6,850,457,1055,669
18,7,486,173,604,258
18,8,0,647,406,915
18,10,570,0,621,5
18,11,450,35,551,100
19,1,401,122,503,191
19,2,523,331,698,466
19,3,517,61,600,111
19,4,576,22,632,60
19,5,816,308,978,464
19,6,848,461,1052,673
19,7,484,178,603,263
19,8,0,662,406,941
19,10,562,0,622,6
19,11,452,37,553,102
20,1,401,123,502,191
20,2,520,337,700,475
20,3,516,64,600,114
20,4,577,23,633,61
20,5,817,308,979,464
20,6,846,463,1054,678
20,7,482,182,603,268
20,8,0,687,406,977
20,10,556,0,626,7
20,11,453,38,553,102
21,1,401,122,502,191
21,2,512,344,696,484
21,3,515,65,601,117
21,4,577,24,634,62
21,5,818,309,978,465
21,6,848,465,1060,683
21,7,481,186,603,272
21,8,0,708,402,1003
21,10,550,0,631,8
22,1,403,122,503,190
22,2,508,351,693,492
22,3,515,67,603,120
22,4,577,25,636,64
22,5,818,307,980,468
22,6,845,468,1059,688
22,7,479,190,604,279
22,8,0,733,398,1037
22,10,544,0,637,9
23,1,403,122,502,189
23,2,501,360,694,507
23,3,514,69,603,123
23,4,571,30,632,70
23,5,820,311,978,469
23,6,844,468,1058,689
23,7,475,196,604,287
23,8,0,760,385,1062
23,10,537,0,642,11
24,1,403,122,502,189
24,2,495,374,691,522
24,3,515,72,605,127
24,4,571,28,632,68
24,5,822,315,978,473
24,6,844,472,1058,692
24,7,472,201,604,293
24,8,0,789,365,1076
24,10,533,0,645,12
24,11,457,40,554,103
25,1,403,121,501,188
25,2,487,381,695,537
25,3,515,74,606,130
25,4,566,35,630,77
25,5,823,320,976,476
25,6,845,473,1060,693
25,7,471,209,601,300
25,8,0,821,334,1079
25,11,451,38,554,106
26,1,402,121,502,189
26,2,478,388,696,551
26,3,515,77,604,132
26,4,571,35,635,76
26,5,823,319,979,480
26,6,845,475,1062,697
26,7,467,213,600,305
26,8,0,851,293,1079
26,11,450,37,554,106
27,1,402,121,502,189
27,2,465,392,698,567
27,3,514,79,603,134
27,4,574,35,638,76
27,5,823,320,981,484
27,6,844,477,1061,699
27,7,464,218,599,310
27,8,0,878,265,1079
27,11,451,39,553,106
27,13,562,0,622,15
28,1,402,121,502,189
28,2,453,401,692,581
28,3,514,81,602,136
28,4,576,35,640,77
28,5,827,325,980,484
28,6,843,476,1064,701
28,7,462,223,597,316
28,8,0,908,238,1079
28,11,454,42,550,106
28,13,560,0,626,17
29,1,402,121,502,189
29,2,440,408,690,598
29,3,515,85,604,141
29,4,578,37,641,78
29,5,829,326,981,485
29,6,846,477,1067,702
29,7,454,229,599,328
29,8,0,931,222,1079
29,11,455,43,550,107
29,13,560,0,629,18
30,1,403,121,503,189
30,2,437,420,687,609
30,3,514,88,603,145
30,4,578,38,642,80
30,5,833,333,978,485
30,6,846,478,1069,706
30,7,446,234,599,338
30,11,461,52,547,108
30,13,560,0,631,19
31,1,402,122,503,191
31,2,433,432,687,626
31,3,514,91,602,147
31,4,579,40,644,82
31,5,832,336,977,486
31,6,848,483,1069,709
31,7,442,240,595,344
31,11,460,50,548,108
31,13,560,0,633,20
32,1,402,122,504,191
32,2,423,442,686,641
32,3,515,93,603,150
32,4,578,42,644,84
32,5,831,339,976,488
32,6,846,485,1068,711
32,7,440,249,594,353
32,11,461,52,547,108
32,13,561,0,633,20
33,1,402,122,504,191
33,2,409,452,683,657
33,3,514,96,604,153
33,4,579,43,644,86
33,5,831,342,975,490
33,6,845,488,1070,716
33,7,433,254,593,362
33,13,561,0,634,21
34,1,402,122,504,192
34,2,399,462,684,674
34,3,514,99,603,156
34,4,579,45,645,88
34,5,829,345,975,492
34,6,842,488,1072,721
34,7,425,258,593,371
34,11,455,47,546,106
34,13,559,0,635,22
35,1,403,123,504,192
35,2,386,472,683,693
35,3,513,102,603,159
35,4,580,46,646,89
35,5,829,346,975,493
35,6,841,489,1074,725
35,7,421,266,592,381
35,11,453,46,545,106
35,13,559,0,635,23
36,1,403,123,504,192
36,2,370,484,682,715
36,3,512,105,604,163
36,4,579,47,647,91
36,5,827,346,977,496
36,6,840,490,1074,728
36,7,414,270,591,390
36,11,453,46,545,106
36,13,560,0,634,23
37,1,403,123,505,193
37,2,356,496,678,735
37,3,511,110,604,170
37,4,580,48,648,93
37,5,826,347,978,498
37,6,839,493,1073,731
37,7,403,274,586,399
37,11,450,43,548,108
37,13,560,0,635,24
38,1,404,123,505,193
38,2,347,512,676,756
38,3,513,114,605,174
38,4,581,49,649,95
38,5,826,346,980,500
38,6,839,497,1073,734
38,7,400,283,581,407
38,11,450,43,548,108
38,13,561,0,634,24
39,1,403,123,504,193
39,2,333,525,673,778
39,3,511,118,607,179
39,4,582,52,650,98
39,5,825,344,983,502
39,6,836,500,1073,739
39,7,393,291,578,417
39,11,448,43,547,110
39,13,560,0,635,25
40,1,404,124,505,193
40,2,317,538,668,800
40,3,510,120,608,183
40,4,582,54,650,100
40,5,824,344,983,504
40,6,835,502,1075,745
40,7,389,299,575,428
40,11,446,42,547,110
40,13,559,0,637,27
41,1,405,125,505,193
41,2,298,551,669,829
41,3,511,123,608,186
41,4,584,57,651,102
41,5,826,348,982,505
41,6,835,508,1075,750
41,7,383,309,571,439
41,11,451,45,546,109
41,13,560,0,637,28
41,14,1580,417,1919,631
42,1,404,125,505,194
42,2,285,568,666,854
42,3,511,126,608,189
42,4,584,58,652,104
42,5,828,349,984,507
42,6,837,510,1078,752
42,7,377,318,567,448
42,11,452,45,545,109
42,13,559,0,638,29
42,14,1582,443,1887,633
43,1,405,125,505,194
43,2,272,590,659,882
43,3,511,130,608,193
43,4,584,60,652,106
43,5,830,350,985,507
43,6,842,512,1080,752
43,7,370,327,565,461
43,11,453,47,543,108
43,13,559,0,638,31
43,14,1564,448,1872,640
44,1,405,125,505,195
44,2,257,609,655,911
44,3,510,133,607,197
44,4,584,61,652,107
44,5,829,352,983,509
44,6,844,516,1079,753
44,7,361,337,559,474
44,11,452,47,541,109
44,13,557,0,639,33
44,14,1550,443,1883,651
45,1,405,126,506,196
45,2,232,624,648,941
45,3,507,136,607,201
45,4,584,64,651,109
45,5,828,354,983,511
45,6,845,515,1083,756
45,7,348,344,557,488
45,11,453,48,543,109
45,13,555,0,637,34
45,14,1541,455,1871,661
46,1,405,126,506,196
46,2,218,637,642,964
46,3,505,138,608,206
46,4,585,66,652,111
46,5,827,352,984,513
46,6,841,514,1083,761
46,7,339,353,553,501
46,11,453,48,544,110
46,13,554,0,637,35
46,14,1522,457,1866,673
47,1,404,126,506,197
47,2,189,657,642,1011
47,3,503,141,609,211
47,4,585,66,653,112
47,5,827,354,985,515
47,6,841,514,1087,767
47,7,325,363,545,516
47,11,453,47,544,110
47,13,554,0,636,36
47,14,1512,468,1851,682
48,1,404,126,506,198
48,2,164,680,633,1049
48,3,503,145,609,215
48,4,585,66,655,114
48,5,827,356,986,517
48,6,837,514,1088,773
48,7,313,374,540,530
48,11,453,47,544,110
48,13,553,0,635,39
48,14,1501,479,1839,694
49,1,404,126,507,198
49,2,137,698,612,1075
49,3,501,147,609,219
49,4,586,67,658,116
49,5,825,355,987,521
49,6,830,517,1082,778
49,7,303,384,540,548
49,13,552,0,635,40
49,14,1485,484,1831,704
50,1,404,127,506,199
50,2,137,721,592,1079
50,3,502,152,610,224
50,4,587,69,660,118
50,5,826,356,989,523
50,6,837,525,1081,778
50,7,294,395,537,562
50,13,553,0,635,41
50,14,1475,493,1822,716
51,1,404,128,506,199
51,2,155,744,579,1079
51,3,501,155,611,229
51,4,588,70,662,121
51,5,825,355,993,526
51,6,843,526,1082,775
51,7,278,407,530,580
51,13,554,0,635,43
51,14,1457,493,1821,729
52,1,404,128,505,199
52,2,181,778,560,1079
52,3,500,159,612,234
52,4,589,71,663,122
52,5,825,355,993,528
52,6,843,532,1082,781
52,7,260,417,525,599
52,13,554,0,634,43
52,14,1446,505,1809,741
53,1,404,129,504,199
53,2,193,812,530,1079
53,3,502,165,610,238
53,4,590,73,664,124
53,5,826,354,995,529
53,6,845,540,1080,784
53,7,247,428,519,613
53,13,557,1,634,44
53,14,1436,516,1797,752
53,17,535,0,582,7
54,1,405,129,503,199
54,2,164,843,476,1079
54,3,502,169,612,244
54,4,591,74,665,125
54,5,826,352,997,530
54,6,847,538,1086,787
54,7,233,439,514,630
54,13,560,2,633,45
54,14,1428,530,1784,763
54,17,532,0,582,8
55,1,404,130,503,199
55,2,166,881,444,1079
55,3,501,174,610,250
55,4,590,76,665,128
55,5,826,350,998,531
55,6,842,543,1080,790
55,7,218,453,506,648
55,13,560,2,633,46
55,14,1415,539,1777,777
55,17,529,0,582,8
56,1,403,130,503,201
56,2,131,909,394,1079
56,3,498,178,610,256
56,4,590,79,665,131
56,5,827,353,996,532
56,6,842,544,1084,796
56,7,203,467,502,668
56,13,562,4,634,47
56,14,1403,548,1768,790
56,17,524,0,582,9
57,1,403,130,503,201
57,2,124,934,365,1079
57,3,496,182,609,261
57,4,590,82,666,134
57,5,828,355,994,532
57,6,842,545,1084,796
57,7,177,477,495,689
57,13,563,4,635,49
57,14,1385,553,1760,803
57,17,520,0,584,10
58,1,403,130,503,201
58,3,494,186,609,266
58,4,591,85,666,137
58,5,827,355,995,534
58,6,841,546,1090,806
58,7,152,494,490,717
58,13,565,5,635,50
58,14,1369,562,1754,822
58,17,518,0,587,11
59,1,402,130,502,201
59,3,494,193,607,271
59,4,592,86,668,139
59,5,826,352,996,536
59,6,841,551,1087,807
59,7,129,508,476,736
59,13,567,7,636,51
59,14,1359,571,1748,836
59,17,512,0,590,13
60,1,402,130,502,201
60,3,495,199,607,277
60,4,592,88,669,142
60,5,826,352,996,537
60,6,847,558,1091,812
60,7,100,522,468,762
60,13,567,7,635,52
60,14,1347,584,1739,853
60,17,510,0,591,14
61,1,402,129,502,201
61,3,493,204,608,283
61,4,593,90,670,144
61,5,824,349,998,539
61,6,846,560,1093,819
61,7,73,538,449,783
61,13,570,9,635,52
61,14,1331,594,1732,871
61,17,510,0,591,14
62,1,403,131,501,201
62,3,492,210,609,290
62,4,592,93,670,148
62,5,820,339,1005,543
62,6,849,561,1100,825
62,7,61,560,437,805
62,13,571,12,633,53
62,14,1322,607,1722,886
62,17,509,0,596,16
63,1,403,132,500,201
63,3,490,216,608,297
63,4,593,95,670,150
63,5,819,336,1007,545
63,6,845,561,1101,831
63,7,22,581,433,849
63,13,571,12,632,54
63,14,1306,616,1711,900
63,17,509,0,596,17
64,1,403,132,500,201
64,3,488,223,605,302
64,4,593,96,671,152
64,5,821,342,1004,546
64,6,842,563,1102,838
64,7,0,604,420,879
64,13,570,12,633,55
64,14,1290,624,1702,916
64,17,506,0,597,17
65,1,403,132,501,201
65,3,486,228,604,307
65,4,592,98,671,154
65,5,823,348,1001,548
65,6,845,571,1104,844
65,7,0,633,411,914
65,13,571,13,633,56
65,14,1274,635,1694,934
65,22,604,0,679,8
66,1,404,132,501,201
66,3,484,233,603,312
66,4,592,100,671,156
66,5,827,355,998,548
66,6,848,580,1103,848
66,7,0,655,407,945
66,13,572,14,634,57
66,14,1258,650,1685,956
66,22,599,0,684,10
66,24,580,0,622,19
67,1,404,132,502,201
67,3,481,239,604,321
67,4,591,101,671,158
67,5,829,359,996,549
67,6,849,584,1105,851
67,7,0,682,403,980
67,13,573,15,635,59
67,14,1239,660,1680,978
67,22,595,0,687,11
67,24,582,0,622,17
68,1,407,133,502,200
68,3,478,245,607,330
68,4,592,105,671,161
68,5,831,361,996,550
68,6,849,586,1105,854
68,7,0,705,395,1022
68,13,576,21,634,62
68,14,1228,674,1675,999
68,22,592,0,695,12
68,24,574,0,633,26
69,1,407,133,503,201
69,3,476,254,606,338
69,4,594,108,672,164
69,5,834,369,994,552
69,6,845,581,1109,859
69,7,0,744,364,1039
69,13,577,23,635,65
69,14,1215,686,1670,1021
69,22,589,0,702,14
69,24,570,0,636,31
69,26,530,0,591,23
70,1,407,133,504,201
70,3,470,262,605,348
70,4,595,111,673,167
70,5,837,372,995,553
70,6,843,581,1115,868
70,7,0,776,347,1064
70,13,580,27,634,66
70,14,1201,697,1663,1040
70,22,589,0,705,15
70,24,568,0,639,33
70,26,529,0,592,24
71,1,408,134,504,201
71,3,462,265,607,358
71,4,595,114,674,171
71,5,838,374,996,554
71,6,847,589,1115,872
71,7,0,797,345,1079
71,13,580,28,634,67
71,14,1177,711,1650,1064
71,22,590,0,705,16
71,24,570,0,639,33
71,26,527,0,592,25
72,1,408,134,504,202
72,3,458,271,607,366
72,4,596,117,676,175
72,5,839,380,994,556
72,6,850,593,1117,876
72,7,0,818,337,1079
72,13,582,30,635,68
72,14,1162,721,1637,1078
72,22,591,0,708,17
72,24,570,0,641,34
72,26,525,0,590,25
73,1,408,134,505,202
73,3,453,277,607,376
73,4,595,119,677,179
73,5,837,380,996,559
73,6,851,600,1114,880
73,13,584,36,634,71
73,14,1154,733,1620,1079
73,22,589,0,709,18
73,24,570,0,642,35
73,26,527,0,593,26
74,1,409,135,505,202
74,3,448,280,608,383
74,4,595,121,678,181
74,5,835,379,998,562
74,6,853,606,1116,885
74,13,585,34,636,71
74,14,1136,741,1592,1079
74,22,589,0,708,18
74,24,569,0,645,37
74,26,529,0,596,26
75,1,409,135,505,203
75,3,440,285,604,391
75,4,595,122,679,184
75,5,835,380,999,563
75,6,849,611,1115,892
75,13,585,34,638,71
75,14,1138,755,1574,1079
75,22,590,0,708,19
75,26,529,0,596,27
75,28,577,0,635,38
76,1,409,135,505,203
76,3,435,290,604,400
76,4,594,124,680,187
76,5,832,374,1003,566
76,6,845,614,1119,902
76,13,586,35,639,72
76,14,1151,774,1561,1079
76,22,592,0,708,20
76,26,527,0,595,28
76,28,574,0,634,39
77,1,409,136,504,203
77,3,433,297,606,410
77,4,595,126,680,190
77,5,832,375,1005,569
77,6,844,616,1123,910
77,11,527,0,579,33
77,14,1155,804,1534,1079
77,22,593,0,709,21
77,26,528,0,596,28
77,28,576,0,634,38
78,1,410,136,504,203
78,3,426,307,600,421
78,4,596,129,681,192
78,5,833,373,1009,570
78,6,842,620,1123,918
78,11,534,0,584,30
78,14,1147,818,1520,1079
78,22,595,0,711,22
78,26,530,0,597,28
78,28,581,0,632,34
78,30,596,17,631,52
79,1,409,136,504,203
79,3,420,317,594,431
79,4,596,132,681,196
79,5,837,380,1007,570
79,6,834,621,1127,931
79,11,537,0,586,29
79,22,595,0,713,24
79,26,529,0,597,28
79,28,583,0,631,31
79,30,595,21,629,54
80,1,409,136,504,203
80,3,409,324,591,444
80,4,595,135,681,199
80,5,839,383,1008,571
80,6,837,627,1129,937
80,11,536,0,587,30
80,22,595,0,713,25
80,28,580,0,631,33
80,30,595,24,630,58
81,1,409,136,504,203
81,3,404,333,588,455
81,4,596,137,682,202
81,5,839,381,1011,573
81,6,836,631,1131,944
81,11,534,0,587,31
81,13,590,36,643,73
81,22,596,0,711,26
81,28,580,0,631,33
81,30,595,27,630,61
82,1,409,136,504,204
82,3,393,339,586,467
82,4,594,139,682,206
82,5,836,380,1011,576
82,11,531,0,587,32
82,13,592,44,645,81
82,22,597,0,710,27
83,1,410,136,504,203
83,3,383,348,579,479
83,4,593,142,682,209
83,5,836,381,1012,577
83,11,531,0,589,34
83,13,594,49,647,85
83,22,602,0,704,25
83,28,589,0,637,30
84,1,410,136,504,203
84,3,375,356,576,490
84,4,592,144,682,213
84,5,837,384,1012,579
84,11,530,0,590,35
84,13,594,51,650,88
84,22,605,0,696,23
84,28,583,0,642,38
85,1,409,137,504,204
85,3,370,368,572,503
85,4,592,147,683,216
85,5,836,386,1012,582
85,11,528,0,589,35
85,13,595,53,652,91
85,22,583,0,676,25
85,28,581,4,645,46
86,1,409,137,505,204
86,3,359,377,568,516
86,4,592,150,683,219
86,5,835,385,1012,584
86,11,528,0,590,35
86,13,597,55,653,93
86,22,595,0,663,18
86,28,580,5,646,48
87,1,409,137,505,205
87,3,349,386,568,531
87,4,592,154,683,223
87,5,834,386,1013,588
87,11,535,0,599,36
87,13,597,56,655,95
87,22,601,0,657,15
87,28,581,7,650,52
87,32,628,0,674,20
88,1,408,137,505,205
88,3,334,395,568,550
88,4,592,157,684,226
88,5,832,386,1012,591
88,11,534,0,600,38
88,13,596,57,656,98
88,22,602,0,655,14
88,28,576,12,647,59
88,32,634,0,676,18
89,1,409,138,504,205
89,3,320,410,558,567
89,4,592,160,684,230
89,5,832,387,1011,592
89,11,532,0,600,39
89,13,597,59,657,100
89,22,606,0,655,12
89,28,574,14,647,64
89,32,636,0,680,19
90,1,409,138,504,205
90,3,310,423,550,582
90,4,592,163,685,234
90,5,832,391,1011,596
90,6,832,698,1147,1030
90,11,529,0,598,40
90,13,597,61,658,102
90,22,604,0,658,13
90,28,573,15,649,67
90,32,630,0,686,25
91,1,408,138,504,206
91,3,291,433,548,603
91,4,592,166,686,238
91,5,830,392,1013,602
91,6,807,667,1154,1045
91,11,533,0,602,40
91,13,596,62,659,105
91,22,601,0,655,14
91,28,571,15,648,68
91,32,625,0,690,30
92,1,408,137,504,205
92,3,283,445,541,614
92,4,592,169,686,242
92,5,828,394,1014,605
92,6,810,679,1150,1053
92,11,533,0,601,40
92,13,595,63,660,107
92,22,600,0,653,13
92,28,571,17,646,69
92,32,625,0,690,30
93,1,407,138,503,206
93,3,261,457,535,637
93,4,591,172,687,247
93,5,828,399,1011,606
93,6,803,686,1146,1066
93,11,533,0,602,40
93,13,596,65,660,109
93,22,599,0,655,14
93,28,570,17,648,71
93,32,625,0,687,29
93,33,563,0,636,8
94,1,407,138,503,206
94,3,248,470,532,655
94,4,591,177,686,250
94,5,823,399,1011,613
94,6,813,700,1150,1073
94,11,532,0,604,42
94,13,597,67,659,110
94,22,599,0,656,14
94,28,570,17,649,73
94,32,624,0,688,30
94,33,560,0,637,9
95,1,407,138,503,206
95,3,228,482,528,676
95,4,590,180,687,254
95,5,823,404,1011,617
95,6,814,706,1148,1076
95,11,533,0,605,42
95,13,593,68,656,111
95,22,599,0,658,15
95,28,570,17,648,73
95,32,625,0,687,30
95,33,558,0,638,9
96,1,407,138,502,206
96,3,209,495,525,699
96,4,589,183,687,258
96,5,825,408,1012,620
96,6,812,711,1150,1079
96,11,534,0,606,43
96,13,592,70,656,113
96,22,600,0,660,16
96,28,569,19,646,74
96,32,623,1,692,35
96,33,557,0,640,10
97,1,408,138,503,206
97,3,196,509,521,719
97,4,590,187,687,261
97,5,829,416,1010,620
97,11,530,0,605,44
97,13,593,73,656,116
97,22,599,0,663,17
97,28,569,20,645,76
97,32,623,3,695,40
97,33,553,0,641,11
98,1,408,138,503,205
98,3,177,523,516,740
98,4,589,189,688,265
98,5,835,421,1013,620
98,11,532,0,605,44
98,13,593,75,657,118
98,22,599,0,663,17
98,24,635,0,692,28
98,28,569,21,645,77
98,32,623,2,690,37
98,33,549,0,641,12
99,1,408,139,503,205
99,3,152,542,504,766
99,4,590,193,689,270
99,5,833,421,1015,625
99,11,534,0,607,44
99,13,594,79,657,122
99,22,598,0,661,17
99,24,640,4,709,40
99,28,569,23,645,80
99,32,623,4,693,41
99,33,549,0,638,12
100,1,408,138,503,205
100,3,128,560,495,792
100,4,591,199,690,274
100,5,833,421,1018,628
100,11,534,0,607,45
100,13,595,82,657,124
100,22,597,0,661,18
100,24,642,5,710,43
100,28,572,29,643,83
100,32,624,4,691,40
100,33,548,0,638,12
101,1,408,139,503,206
101,3,102,580,479,817
101,4,591,202,691,278
101,5,833,417,1025,633
101,11,533,0,606,46
101,13,594,84,657,126
101,22,593,0,657,18
101,24,642,6,708,45
101,28,575,36,641,86
101,32,623,3,687,38
101,33,548,0,638,13
101,36,610,0,682,19
101,37,911,1034,996,1077
102,1,408,139,503,206
102,3,61,599,475,859
102,4,589,206,692,284
102,5,832,416,1027,636
102,11,531,1,603,47
102,13,592,84,657,128
102,22,593,0,659,19
102,24,636,9,699,47
102,28,575,35,642,86
102,32,622,4,688,39
102,33,545,0,642,14
102,36,606,0,684,20
102,37,918,1047,977,1077
103,1,407,139,503,206
103,3,25,620,460,893
103,4,588,209,692,289
103,5,832,417,1027,638
103,11,529,3,599,48
103,13,589,82,658,129
103,22,584,0,649,19
103,24,636,11,699,48
103,28,576,29,642,79
103,33,540,0,643,16
104,1,407,139,502,206
104,3,0,639,456,928
104,4,586,212,693,294
104,5,832,423,1023,639
104,11,528,4,598,49
104,13,587,83,658,131
104,22,575,0,640,20
104,24,639,13,703,52
104,28,575,27,643,79
104,33,536,0,642,17
105,1,407,139,503,206
105,3,0,664,446,963
105,4,585,218,691,299
105,5,833,431,1020,643
105,11,532,7,597,49
105,13,588,86,657,134
105,22,567,0,635,21
105,24,639,16,702,54
105,28,583,23,643,68
105,33,533,0,643,17
105,39,615,0,670,26
106,1,408,138,504,206
106,3,0,684,449,1002
106,4,583,222,690,304
106,5,830,433,1017,646
106,11,521,8,591,53
106,13,591,89,656,134
106,22,564,0,633,22
106,24,639,17,701,55
106,28,596,15,649,55
106,39,614,0,672,27
107,1,409,138,505,205
107,3,0,712,437,1034
107,4,583,226,691,308
107,5,832,437,1020,649
107,11,517,7,591,55
107,13,592,91,659,137
107,14,848,1009,947,1077
107,22,563,0,633,23
107,24,639,18,700,55
107,28,598,14,649,53
107,39,614,0,673,28
107,41,457,69,541,120
108,1,408,138,505,206
108,3,0,741,422,1057
108,4,582,230,692,313
108,5,836,439,1028,657
108,11,515,8,591,58
108,13,594,94,662,141
108,14,838,1015,926,1076
108,22,562,0,634,24
108,24,640,21,699,57
108,32,616,0,672,31
108,39,613,0,674,29
108,41,455,69,539,121
108,42,582,45,646,83
109,1,408,138,505,206
109,3,0,778,397,1075
109,4,580,235,693,320
109,5,839,447,1027,660
109,11,515,10,589,59
109,13,593,97,662,144
109,22,560,0,634,26
109,24,640,23,698,59
109,32,616,0,672,31
109,41,453,70,537,122
109,42,583,45,647,84
110,1,407,139,505,207
110,3,0,819,356,1079
110,4,577,239,695,327
110,5,834,453,1022,666
110,11,515,12,588,61
110,13,593,101,661,147
110,22,560,0,635,27
110,24,641,25,699,61
110,32,619,0,674,31
110,41,456,70,539,121
110,42,584,46,647,84
111,1,408,139,506,207
111,3,0,855,331,1079
111,4,577,245,695,333
111,5,838,462,1020,667
111,11,515,16,586,62
111,13,593,103,661,149
111,22,560,0,637,28
111,24,640,26,700,63
111,28,606,24,657,61
111,32,621,1,676,31
111,41,455,69,541,122
111,42,584,47,647,84
112,1,408,139,506,207
112,3,5,889,296,1079
112,4,575,250,696,340
112,5,839,463,1023,671
112,11,515,18,585,64
112,13,592,105,662,152
112,22,560,0,637,29
112,24,640,26,701,64
112,28,606,27,656,63
112,32,622,2,677,32
112,41,454,69,541,122
112,45,589,67,650,107
113,1,408,139,506,207
113,3,16,928,253,1079
113,4,572,256,695,347
113,5,840,463,1030,678
113,11,515,20,585,65
113,13,592,107,663,155
113,22,558,0,637,30
113,24,641,28,701,65
113,28,609,27,658,62
113,32,623,3,676,33
113,41,454,68,540,122
113,45,588,68,652,111
114,1,408,139,506,208
114,3,18,953,218,1079
114,4,570,261,696,354
114,5,836,463,1033,686
114,11,514,20,587,67
114,13,592,109,664,158
114,22,556,0,637,33
114,24,642,28,703,66
114,28,611,28,658,62
114,32,624,6,676,34
114,41,452,67,541,123
114,45,587,70,653,113
115,1,408,139,506,208
115,3,17,980,194,1079
115,4,569,268,695,360
115,5,835,470,1033,695
115,11,513,19,588,68
115,13,592,111,665,160
115,22,556,0,636,34
115,24,643,30,703,67
115,32,625,6,678,36
115,41,451,67,541,123
115,45,586,70,654,114
116,1,408,139,507,208
116,4,565,273,697,369
116,5,830,474,1034,704
116,11,511,18,591,69
116,13,591,113,666,163
116,22,559,1,635,34
116,24,646,31,706,69
116,32,629,7,681,37
116,41,452,67,541,124
116,45,586,71,655,116
117,1,409,140,507,209
117,4,561,277,699,377
117,5,838,479,1040,706
117,11,512,19,592,70
117,13,591,114,668,166
117,22,563,2,633,33
117,24,646,32,707,71
117,32,631,8,684,38
117,41,453,67,541,124
117,45,586,72,656,117
118,1,409,140,507,209
118,4,558,281,700,384
118,5,839,486,1045,716
118,11,513,20,591,70
118,13,591,116,669,170
118,22,565,3,633,34
118,24,646,33,709,72
118,32,632,9,685,39
118,41,454,68,540,123
118,45,587,72,656,118
118,47,644,35,710,76
119,1,409,140,507,210
119,4,557,287,698,389
119,5,835,491,1042,722
119,11,513,19,593,71
119,13,591,120,669,172
119,22,566,3,632,34
119,24,647,33,710,74
119,32,634,9,687,40
119,41,455,69,541,124
119,45,585,73,657,120
119,47,644,35,711,77
119,48,596,40,654,77
120,1,409,140,507,210
120,4,554,291,698,396
120,5,833,496,1041,727
120,11,514,18,596,72
120,13,592,123,670,175
120,22,568,4,634,36
120,24,649,35,711,75
120,32,635,10,688,40
120,41,454,68,540,123
120,45,587,76,657,122
120,48,596,42,655,80
121,1,410,140,507,210
121,4,552,297,699,403
121,5,837,502,1044,732
121,11,513,19,597,74
121,13,593,125,671,178
121,22,570,7,636,38
121,24,649,39,712,79
121,32,635,10,690,42
121,41,453,68,538,123
121,45,586,78,659,126
121,48,596,43,654,80
121,50,581,0,630,11
122,1,408,140,507,211
122,4,551,306,698,412
122,5,833,502,1049,741
122,11,510,17,599,76
122,13,592,126,672,180
122,22,570,7,636,39
122,24,651,41,713,80
122,32,635,11,691,43
122,41,452,70,537,124
122,42,581,8,635,41
122,45,585,79,661,129
122,48,595,43,655,82
122,50,583,0,632,11
123,1,409,140,507,210
123,4,544,312,696,422
123,5,827,503,1049,748
123,11,511,17,599,77
123,13,591,128,672,183
123,24,654,43,714,81
123,32,635,11,692,44
123,41,452,71,535,124
123,42,579,6,633,38
123,45,585,80,664,133
123,48,594,42,656,83
123,50,585,0,635,12
124,1,409,140,507,210
124,4,539,318,693,430
124,5,827,508,1050,753
124,11,510,17,599,78
124,13,591,130,674,186
124,24,656,44,716,82
124,32,636,12,694,45
124,41,450,71,535,124
124,42,583,5,632,35
124,45,585,82,665,135
124,48,593,42,658,84
124,50,586,0,637,12
125,1,409,141,507,211
125,4,536,326,692,438
125,5,825,514,1050,763
125,11,509,18,599,79
125,13,592,134,673,190
125,24,660,46,717,83
125,32,638,12,695,46
125,41,450,69,539,125
125,42,591,1,635,26
125,45,585,84,667,139
125,48,590,41,658,85
125,50,583,0,637,13
126,1,408,140,507,211
126,4,534,334,692,448
126,5,825,519,1054,772
126,11,510,20,597,80
126,13,593,136,673,191
126,24,663,49,719,84
126,32,640,12,697,46
126,41,451,70,540,125
126,42,592,0,634,23
126,45,585,85,668,141
126,48,589,38,658,83
126,50,581,0,636,13
127,1,408,140,506,211
127,4,527,339,694,460
127,5,820,525,1051,781
127,11,511,21,597,80
127,13,593,139,674,194
127,24,664,50,722,86
127,32,641,13,698,47
127,41,452,71,539,124
127,45,586,84,672,142
127,48,587,30,656,76
127,50,579,0,641,15
128,1,408,140,506,211
128,4,522,345,694,470
128,5,815,527,1057,793
128,11,514,23,597,81
128,13,593,142,676,198
128,24,666,51,725,89
128,32,643,12,698,46
128,41,452,71,539,125
128,45,588,82,670,137
128,48,583,21,649,64
128,50,575,0,639,16
129,1,408,141,506,211
129,4,519,354,691,479
129,5,815,535,1062,806
129,11,515,24,597,81
129,13,593,143,677,201
129,24,666,52,728,91
129,32,643,6,694,37
129,45,590,90,665,140
129,48,576,13,640,55
129,50,572,0,635,16
129,55,570,0,620,14
130,1,408,141,506,211
130,4,514,360,693,490
130,5,811,542,1059,812
130,11,515,23,599,83
130,13,591,144,679,206
130,24,668,54,730,92
130,32,645,3,691,30
130,45,589,93,664,143
130,47,642,17,699,52
130,48,576,18,641,60
130,50,570,0,632,16
130,55,570,0,618,14
131,1,407,141,505,211
131,4,510,370,691,501
131,5,815,548,1064,816
131,11,515,24,600,84
131,13,591,147,680,209
131,24,665,55,729,94
131,32,645,2,690,27
131,45,589,96,665,147
131,47,642,16,698,51
131,48,563,14,626,55
131,50,568,0,632,16
131,55,568,0,618,14
132,1,406,141,505,211
132,4,505,379,689,513
132,5,811,552,1062,822
132,11,514,24,600,86
132,13,590,149,681,212
132,24,663,55,728,96
132,32,648,0,679,15
132,45,588,98,667,151
132,47,644,17,701,53
132,48,560,12,623,53
132,50,567,0,631,17
132,55,568,0,619,14
133,1,406,141,504,211
133,4,500,389,689,526
133,5,812,562,1063,831
133,11,513,25,601,89
133,13,591,152,680,214
133,24,663,56,729,97
133,32,648,0,674,10
133,41,450,76,533,126
133,45,588,100,668,153
133,47,645,19,702,54
133,50,566,0,631,17
133,55,570,0,620,14
133,58,576,15,638,54
134,1,406,141,504,211
134,4,492,402,684,539
134,5,806,571,1063,844
134,11,513,27,601,91
134,13,591,156,679,218
134,24,667,57,733,98
134,32,650,0,670,7
134,41,449,76,531,125
134,45,586,101,668,155
134,47,647,21,703,56
134,50,566,0,631,18
134,55,570,0,620,14
134,58,575,12,634,50
135,1,406,141,504,211
135,4,484,410,685,554
135,5,808,576,1066,850
135,11,513,29,600,92
135,13,590,160,679,223
135,24,670,57,737,99
135,41,449,77,530,125
135,45,588,104,668,157
135,47,647,23,703,58
135,48,546,15,605,53
135,50,566,0,631,18
135,58,576,13,634,50
136,1,407,141,504,211
136,4,478,420,684,566
136,5,803,580,1066,858
136,11,514,32,599,93
136,13,589,163,680,227
136,24,672,58,739,100
136,26,574,0,621,19
136,45,588,107,669,161
136,47,646,24,703,59
136,48,544,13,601,50
136,50,565,0,631,19
136,55,571,0,621,14
136,58,579,14,637,51
136,59,634,0,691,9
137,1,406,141,503,211
137,4,473,429,684,578
137,5,809,587,1073,866
137,11,516,35,598,94
137,13,589,165,682,231
137,24,672,58,740,101
137,26,572,0,621,19
137,45,589,110,670,164
137,47,645,24,703,61
137,48,544,8,600,44
137,55,570,0,620,14
137,58,580,15,638,52
137,59,627,0,679,8
138,1,407,141,504,211
138,4,461,441,681,596
138,5,804,593,1073,878
138,11,518,35,600,95
138,13,588,167,684,236
138,24,674,60,742,102
138,26,571,0,620,20
138,45,588,112,670,166
138,47,641,24,701,62
138,48,541,6,596,42
138,55,569,0,619,14
138,58,581,17,638,53
138,59,622,0,672,8
139,1,407,142,504,210
139,4,452,454,676,608
139,5,806,608,1066,884
139,11,518,36,601,96
139,13,589,171,683,239
139,24,676,61,745,104
139,26,569,0,621,21
139,41,447,83,534,134
139,45,589,114,671,168
139,47,640,26,700,63
139,48,545,6,602,43
139,55,569,0,618,14
139,58,582,19,639,55
139,59,619,0,672,9
140,1,408,142,505,211
140,4,437,456,679,623
140,5,807,614,1071,895
140,11,518,38,601,98
140,13,590,175,684,243
140,22,569,0,620,24
140,24,677,62,746,106
140,26,568,0,622,22
140,41,448,84,534,134
140,45,587,116,671,171
140,47,637,26,698,64
140,48,545,3,602,40
140,55,574,0,619,13
140,58,583,20,640,56
140,59,620,0,674,9
141,1,408,142,505,211
141,4,428,466,679,641
141,5,811,623,1075,906
141,11,518,39,600,100
141,13,591,179,684,247
141,22,569,0,621,24
141,24,679,63,747,107
141,41,452,83,539,133
141,45,589,105,669,157
141,47,635,27,697,66
141,48,543,2,600,39
141,55,574,0,619,12
141,58,584,22,642,58
141,59,619,0,676,9
142,1,408,142,505,211
142,4,418,477,682,660
142,5,806,633,1076,922
142,11,518,40,602,101
142,13,590,182,686,251
142,22,569,0,621,25
142,24,681,66,749,109
142,28,602,72,665,117
142,41,452,81,540,132
142,45,586,120,669,175
142,47,635,28,697,67
142,48,545,1,601,38
142,58,584,23,643,60
142,59,618,0,672,9
143,1,407,142,504,211
143,4,402,487,678,678
143,5,800,636,1076,934
143,11,516,36,604,101
143,13,590,185,687,255
143,22,569,0,622,25
143,24,681,68,750,111
143,28,603,73,667,116
143,41,449,80,539,133
143,45,585,124,670,180
143,47,636,29,698,68
143,48,547,2,603,40
143,58,584,24,645,62
143,59,617,0,673,9
144,1,408,142,506,211
144,4,386,498,676,699
144,5,800,645,1075,946
144,11,516,37,604,102
144,13,591,188,688,259
144,22,569,0,622,26
144,24,681,70,749,113
144,28,605,74,667,116
144,41,449,81,540,134
144,45,585,126,672,184
144,47,638,30,699,69
144,48,549,4,604,41
144,58,585,25,647,64
144,59,613,0,685,12
144,60,585,0,627,9
145,1,408,141,506,211
145,4,375,514,668,716
145,5,785,641,1081,965
145,11,514,37,603,104
145,13,591,193,688,263
145,22,570,0,623,26
145,24,678,71,746,114
145,28,606,75,669,117
145,41,448,81,539,134
145,45,586,130,674,188
145,47,641,32,701,70
145,48,548,6,605,44
145,58,584,26,647,65
145,59,610,0,685,13
145,60,582,0,630,10
146,1,408,141,506,211
146,4,364,526,662,733
146,5,780,648,1078,973
146,11,515,40,602,105
146,13,590,195,689,267
146,22,570,0,623,27
146,24,677,71,747,115
146,28,605,76,670,119
146,36,580,0,631,13
146,41,446,79,538,133
146,45,585,132,675,191
146,47,640,33,701,71
146,48,549,4,606,42
146,58,583,27,648,67
146,60,602,0,650,10
147,1,408,141,506,211
147,4,352,543,659,755
147,5,785,670,1078,991
147,11,514,43,598,106
147,13,589,199,689,272
147,22,569,0,624,27
147,24,678,72,749,116
147,28,603,76,669,121
147,36,578,0,630,13
147,41,449,78,541,131
147,45,583,134,675,195
147,47,638,33,702,73
147,48,549,2,606,40
147,58,584,29,648,68
147,60,611,0,661,11
148,1,408,142,506,211
148,4,336,558,657,778
148,5,784,674,1081,1003
148,11,514,46,596,107
148,13,589,203,689,276
148,22,569,0,624,29
148,24,679,74,751,119
148,28,599,78,669,123
148,36,588,0,637,12
148,41,454,75,546,129
148,45,581,136,675,199
148,47,639,32,702,71
148,48,549,1,606,39
148,58,586,31,648,70
148,60,616,0,660,9
149,1,408,141,506,211
149,4,322,573,658,803
149,5,782,681,1083,1014
149,11,519,49,597,108
149,13,589,206,689,279
149,22,568,0,624,30
149,24,682,75,755,120
149,28,598,81,670,128
149,36,591,0,638,11
149,41,453,77,542,129
149,45,581,140,673,201
149,47,634,34,699,74
149,48,541,2,604,44
149,58,586,32,649,71
149,60,619,0,658,8
150,1,409,142,505,211
150,4,307,589,656,828
150,11,520,50,599,108
150,13,590,210,690,284
150,22,566,0,623,30
150,24,683,76,756,122
150,28,598,82,670,130
150,36,597,0,640,10
150,41,457,75,547,128
150,45,585,140,677,202
150,47,637,37,702,77
150,48,532,4,600,50
150,58,586,33,649,71
150,60,625,0,662,7
151,1,408,143,503,211
151,4,289,609,652,857
151,5,774,695,1074,1031
151,11,519,48,602,110
151,13,589,215,691,290
151,22,567,0,623,30
151,24,683,78,756,124
151,28,598,83,674,133
151,41,458,74,550,128
151,45,586,144,680,207
151,47,639,40,703,79
151,48,528,6,598,55
151,58,586,34,649,73
151,65,621,0,679,14
152,1,408,143,503,211
152,4,272,629,645,884
152,5,824,830,1049,1065
152,11,520,49,603,111
152,13,588,219,691,295
152,22,568,0,623,30
152,24,681,79,756,126
152,28,597,83,674,134
152,41,459,75,549,129
152,45,588,148,681,211
152,47,641,43,703,80
152,48,526,6,598,57
152,58,587,36,649,74
152,65,625,0,683,13
153,1,408,143,503,211
153,4,255,650,641,913
153,5,847,889,1036,1078
153,11,520,50,602,112
153,13,586,223,691,302
153,22,567,0,623,31
153,24,681,80,758,129
153,28,598,85,674,135
153,41,459,75,550,129
153,45,588,152,681,214
153,47,641,43,705,81
153,48,525,5,598,56
153,58,587,38,649,75
153,65,624,0,684,14
154,1,408,143,503,210
154,4,233,669,641,947
154,5,853,914,1031,1079
154,11,520,51,602,113
154,13,586,226,693,306
154,22,568,0,624,31
154,24,681,81,761,132
154,28,597,86,675,137
154,45,590,156,680,217
154,47,641,45,703,83
154,48,520,7,597,61
154,58,587,41,647,77
154,65,625,0,686,14
155,1,408,143,503,211
155,4,213,691,637,981
155,11,519,52,602,114
155,13,584,229,693,311
155,22,568,0,624,32
155,24,683,84,762,135
155,28,595,87,674,139
155,45,584,158,677,220
155,47,643,47,705,84
155,48,520,8,597,62
155,58,587,42,647,78
156,1,408,143,503,211
156,4,186,714,628,1018
156,11,520,56,600,116
156,13,583,234,694,318
156,22,569,1,625,33
156,24,686,87,764,137
156,28,594,90,673,142
156,45,581,160,676,224
156,47,645,49,707,86
156,48,521,10,594,63
156,58,587,44,647,80
157,1,408,143,503,210
157,4,167,741,622,1053
157,11,520,58,599,117
157,13,583,241,693,323
157,22,571,2,624,33
157,24,688,88,767,139
157,28,594,92,672,144
157,39,646,54,726,94
157,45,581,162,678,227
157,47,645,50,709,88
157,48,521,11,593,63
157,58,589,47,649,82
157,69,613,0,671,16
158,1,408,143,503,210
158,4,152,765,607,1076
158,11,519,59,599,119
158,13,583,246,694,329
158,22,572,3,624,34
158,24,690,90,769,140
158,28,593,94,672,145
158,39,645,51,723,92
158,45,581,164,678,230
158,47,643,50,711,90
158,48,522,10,593,60
158,58,589,47,651,84
158,69,614,0,674,16
159,1,408,143,503,210
159,4,145,794,576,1079
159,11,518,58,602,121
159,13,581,250,694,334
159,22,574,4,626,34
159,24,691,91,771,142
159,28,597,97,674,147
159,39,648,52,724,92
159,45,581,168,679,234
159,47,643,51,712,92
159,48,521,10,593,61
159,58,589,50,653,87
159,69,614,0,676,17
160,1,407,142,504,210
160,4,145,821,547,1079
160,11,519,59,603,122
160,13,578,255,695,341
160,22,575,4,628,36
160,24,692,92,772,144
160,28,599,99,675,149
160,39,649,53,722,92
160,41,466,74,549,123
160,45,581,173,677,238
160,48,522,13,595,65
160,58,589,51,654,90
160,69,610,0,673,17
161,1,406,142,504,211
161,4,162,840,534,1079
161,11,518,59,602,122
161,13,577,261,695,348
161,22,576,5,630,37
161,24,694,94,773,145
161,28,600,100,676,150
161,39,645,55,718,95
161,41,470,71,557,123
161,45,580,178,677,244
161,48,521,15,594,67
161,58,590,53,655,91
161,69,607,0,673,18
162,1,407,142,504,211
162,4,156,851,507,1079
162,11,519,62,602,124
162,13,577,267,696,354
162,22,577,5,632,38
162,24,695,96,774,147
162,28,599,102,677,152
162,39,648,57,721,97
162,41,469,67,562,123
162,45,578,180,680,249
162,48,519,16,594,69
162,69,605,0,673,19
162,70,585,0,625,9
163,1,409,142,506,211
163,4,132,881,447,1079
163,11,517,64,600,126
163,13,576,272,695,359
163,22,578,6,633,39
163,24,696,99,774,149
163,28,598,103,678,155
163,39,650,57,725,99
163,41,462,64,559,124
163,45,577,181,683,253
163,48,514,21,591,75
163,69,605,0,673,20
163,70,584,0,625,9
164,1,408,142,505,210
164,4,122,900,428,1079
164,11,516,64,601,127
164,13,570,275,696,366
164,22,578,6,634,39
164,24,696,102,775,152
164,28,599,106,680,158
164,39,653,58,729,101
164,41,461,66,556,124
164,45,577,183,683,257
164,48,516,20,592,73
164,58,594,52,662,91
164,69,603,0,676,21
164,70,583,0,627,10
165,1,409,142,506,210
165,11,517,67,601,130
165,13,568,280,698,374
165,22,579,6,635,40
165,24,696,103,777,155
165,28,600,108,681,161
165,39,653,59,730,103
165,41,461,66,556,125
165,45,577,188,682,261
165,48,519,18,594,70
165,58,595,53,664,93
165,69,602,0,679,23
165,70,584,0,629,11
166,1,409,141,507,210
166,11,515,69,600,133
166,13,565,285,698,381
166,22,582,3,633,35
166,24,696,103,779,157
166,28,602,109,683,161
166,39,656,60,733,103
166,41,460,64,559,126
166,45,579,194,682,266
166,48,517,19,592,72
166,58,595,53,665,94
166,69,600,0,681,25
166,70,587,0,631,10
167,1,409,141,507,210
167,11,513,71,599,136
167,13,560,286,703,390
167,22,581,7,635,40
167,24,697,105,778,158
167,28,602,109,683,161
167,39,657,61,734,105
167,41,458,64,560,127
167,45,579,198,683,271
167,48,513,23,590,75
167,58,595,54,664,95
167,69,599,0,683,27
167,70,588,0,633,11
168,1,408,140,507,211
168,11,513,72,599,137
168,13,560,290,707,397
168,22,578,8,634,42
168,24,699,108,781,161
168,28,597,111,681,165
168,41,457,64,559,128
168,45,580,201,684,274
168,48,515,21,590,72
168,58,597,59,666,99
168,69,599,0,685,29
168,70,587,0,632,11
169,1,408,140,507,210
169,11,514,74,600,139
169,13,557,299,701,405
169,22,579,9,635,44
169,24,702,110,785,164
169,28,593,115,677,170
169,39,667,67,737,107
169,41,455,64,559,129
169,45,580,204,685,279
169,48,518,18,594,70
169,58,599,62,666,101
169,69,599,0,686,30
169,70,587,0,632,11
169,73,598,0,638,21
170,1,408,140,507,210
170,11,514,76,599,141
170,13,552,307,699,415
170,22,581,10,638,45
170,24,705,113,787,167
170,28,593,117,677,173
170,39,669,68,739,108
170,41,454,63,557,129
170,45,579,208,684,283
170,47,670,69,739,110
170,48,518,18,594,70
170,58,600,63,667,104
170,69,601,0,686,31
170,70,588,0,633,11
170,73,597,0,638,21
171,1,408,141,506,210
171,11,513,80,597,143
171,13,550,315,695,422
171,22,582,10,638,46
171,24,708,115,789,169
171,28,593,120,678,175
171,39,671,70,740,110
171,41,453,63,556,129
171,45,579,212,685,288
171,47,672,71,741,112
171,48,519,19,593,71
171,58,601,66,668,106
171,69,602,0,686,32
171,70,590,0,635,11
171,73,594,0,641,24
172,1,408,141,506,210
172,11,513,83,596,145
172,13,543,322,692,432
172,24,710,117,793,172
172,28,593,122,680,178
172,39,673,71,744,112
172,41,454,64,554,129
172,45,581,219,684,291
172,48,521,21,594,71
172,58,594,64,662,105
172,69,607,1,685,32
172,70,591,0,636,11
172,73,594,0,643,24
173,1,408,141,506,210
173,11,511,84,596,148
173,13,540,329,691,441
173,24,711,119,796,175
173,28,591,123,680,182
173,39,673,72,746,113
173,41,454,64,553,128
173,45,581,224,683,296
173,48,523,21,595,71
173,58,597,67,667,109
173,69,611,3,685,33
173,70,590,0,636,11
174,1,407,141,505,210
174,11,509,84,597,150
174,13,537,335,692,451
174,24,711,120,800,179
174,28,591,127,681,186
174,39,674,72,748,115
174,41,455,64,554,129
174,45,577,224,685,300
174,48,522,19,597,72
174,58,600,70,670,111
174,69,614,4,687,34
174,70,589,0,636,12
175,1,407,141,504,210
175,11,507,84,598,151
175,13,531,343,692,464
175,22,581,20,642,59
175,24,713,122,803,182
175,28,591,130,682,189
175,39,674,73,750,117
175,41,456,65,554,129
175,45,574,227,686,305
175,48,520,19,596,74
175,58,602,72,672,113
175,69,616,4,689,35
175,70,587,0,636,12
176,1,408,141,505,209
176,11,508,85,598,153
176,13,528,352,688,472
176,22,580,17,640,54
176,24,716,124,806,185
176,28,591,132,683,192
176,39,675,74,752,119
176,41,457,65,553,129
176,45,572,231,690,313
176,48,520,21,595,75
176,58,604,74,676,117
176,69,617,5,689,36
176,70,582,0,634,13
177,1,409,141,506,210
177,11,509,88,598,154
177,13,522,359,688,483
177,22,580,16,639,53
177,24,718,127,809,189
177,28,591,135,685,195
177,39,676,75,753,120
177,41,452,66,549,130
177,45,569,232,692,318
177,48,519,21,596,77
177,58,604,77,676,120
177,69,620,6,691,38
177,70,577,0,630,14
178,1,408,141,505,209
178,11,511,91,598,155
178,13,518,365,689,493
178,22,580,16,639,53
178,24,718,128,812,191
178,28,591,137,686,198
178,39,677,76,755,122
178,41,454,68,545,129
178,45,568,242,688,324
178,48,520,21,597,77
178,58,603,78,677,122
178,69,622,7,693,39
178,70,572,0,626,14
178,78,634,0,684,9
179,1,408,140,505,209
179,11,510,92,598,156
179,13,512,377,686,506
179,22,579,16,639,53
179,24,719,130,812,193
179,28,590,138,688,202
179,39,679,77,757,123
179,41,455,69,546,129
179,45,570,253,687,332
179,48,520,23,595,78
179,58,603,79,679,124
179,69,624,7,695,40
179,70,569,0,623,14
179,78,635,0,685,9
180,1,408,141,505,210
180,11,510,93,599,158
180,13,506,386,681,515
180,22,579,16,639,54
180,24,720,132,813,195
180,28,590,139,689,205
180,39,681,79,757,125
180,41,453,69,546,131
180,45,564,255,690,340
180,48,521,23,595,78
180,58,602,81,680,127
180,69,626,7,696,40
180,70,567,0,623,14
180,78,631,0,684,10
181,1,409,141,506,210
181,11,508,94,598,159
181,13,502,396,679,525
181,22,579,16,639,55
181,24,720,133,814,198
181,28,589,141,691,208
181,39,680,80,758,127
181,41,453,69,548,131
181,45,562,259,693,347
181,48,521,24,593,77
181,58,604,82,683,129
181,69,627,8,696,41
181,70,566,0,626,15
181,78,630,0,684,10
182,1,409,141,506,209
182,11,507,95,598,161
182,13,491,402,680,539
182,22,579,17,640,56
182,24,720,135,816,201
182,28,591,144,691,211
182,39,681,81,760,128
182,41,452,68,549,132
182,45,558,261,694,354
182,48,521,27,591,79
182,58,603,82,683,130
182,69,628,8,696,42
182,70,566,0,626,15
183,1,410,141,506,209
183,11,507,97,599,164
183,13,485,411,682,553
183,22,579,18,641,57
183,24,720,135,819,205
183,28,593,147,690,213
183,41,453,69,549,132
183,45,555,266,697,363
183,48,520,28,590,80
183,58,602,84,681,131
183,69,630,9,697,42
183,70,567,0,623,14
183,79,581,0,629,16
184,1,410,141,505,209
184,11,504,98,600,167
184,13,476,422,678,567
184,22,579,18,642,58
184,24,722,138,820,207
184,28,592,149,691,216
184,39,679,83,758,131
184,41,451,69,546,132
184,45,547,266,698,369
184,48,519,29,591,82
184,58,599,87,678,135
184,69,630,9,696,43
184,70,565,0,625,15
184,79,581,0,633,18
185,1,408,141,504,209
185,11,504,100,600,170
185,13,466,432,679,585
185,22,580,19,643,59
185,24,722,139,822,210
185,28,591,152,692,221
185,39,679,84,760,132
185,41,450,68,546,131
185,45,545,272,696,375
185,48,518,30,591,85
185,55,567,0,618,14
185,58,597,90,677,138
185,69,630,9,698,43
185,70,564,0,625,16
185,79,576,0,628,18
186,1,410,140,506,209
186,11,503,100,601,171
186,13,458,441,677,598
186,22,581,20,644,61
186,24,724,141,827,214
186,28,590,155,692,225
186,41,451,70,542,129
186,45,545,279,698,384
186,48,521,33,590,84
186,55,567,0,618,14
186,58,595,91,676,139
186,70,568,0,621,14
186,79,574,0,626,17
187,1,410,141,505,208
187,11,503,101,602,173
187,13,447,452,672,611
187,22,582,20,646,62
187,24,728,145,830,216
187,28,588,157,693,229
187,41,452,71,543,130
187,45,538,282,699,394
187,48,521,33,590,85
187,55,568,0,621,15
187,58,592,92,676,142
187,70,567,0,621,14
187,79,573,0,628,19
187,81,640,0,661,7
188,1,410,141,505,208
188,11,503,101,602,173
188,13,437,463,673,631
188,22,582,21,647,63
188,24,730,148,829,218
188,28,588,159,694,233
188,41,452,71,542,130
188,45,536,286,699,399
188,48,519,35,590,88
188,55,568,0,621,15
188,58,592,92,677,144
188,70,571,0,623,13
188,73,632,2,684,30
188,79,572,0,628,19
188,81,641,0,653,3
189,1,410,141,505,208
189,11,499,102,596,173
189,13,430,477,673,647
189,22,582,21,647,64
189,24,733,152,832,222
189,28,590,164,692,236
189,41,456,73,540,128
189,45,537,293,697,405
189,48,520,35,590,87
189,55,571,0,624,15
189,58,592,94,676,146
189,70,571,0,623,13
189,73,636,0,679,22
189,79,573,0,631,20
190,1,415,140,510,207
190,11,498,103,595,174
190,13,419,488,670,664
190,22,582,22,648,65
190,24,736,155,835,225
190,28,592,169,692,240
190,41,458,73,540,126
190,45,537,300,696,412
190,48,519,37,590,89
190,55,573,0,626,15
190,58,593,97,677,148
190,73,634,0,666,13
190,79,574,0,633,20
191,1,418,139,514,206
191,13,403,497,669,683
191,22,582,23,649,67
191,24,735,155,839,228
191,28,590,171,693,244
191,41,463,73,543,125
191,45,535,308,696,422
191,48,518,40,590,93
191,55,576,0,627,15
191,58,598,98,681,150
191,73,632,0,666,13
191,79,574,0,632,20
191,86,635,12,685,47
192,1,412,141,508,208
192,13,388,512,661,701
192,22,583,23,649,68
192,24,737,157,842,232
192,28,590,175,694,249
192,41,461,73,541,125
192,45,532,316,691,429
192,48,516,44,589,97
192,55,577,0,627,14
192,58,598,101,681,153
192,73,634,0,665,12
192,79,575,0,630,19
192,86,633,12,685,49
193,1,410,141,506,208
193,11,484,117,585,192
193,13,376,527,654,720
193,22,582,25,648,69
193,24,738,156,846,235
193,28,589,178,695,253
193,41,477,65,556,117
193,45,526,323,688,438
193,48,516,45,588,99
193,55,578,0,627,14
193,58,599,103,683,155
193,79,575,0,629,19
193,86,634,12,685,48
193,87,609,0,669,8
194,1,409,141,505,209
194,11,484,118,588,194
194,13,358,540,649,741
194,22,584,26,649,70
194,24,738,157,847,235
194,28,588,180,698,259
194,39,672,98,761,153
194,41,468,69,549,122
194,45,520,327,690,448
194,48,517,44,587,96
194,55,576,0,627,14
194,58,598,106,683,158
194,79,576,0,630,19
194,86,635,13,686,48
194,87,608,0,669,8
195,1,409,141,505,209
195,11,492,115,597,192
195,13,344,558,642,764
195,22,583,27,648,71
195,24,741,161,852,242
195,28,588,183,698,262
195,39,672,100,762,155
195,41,464,71,546,125
195,45,515,333,686,455
195,48,515,39,586,91
195,55,578,0,628,14
195,58,599,108,684,161
195,79,572,0,630,21
195,86,635,15,686,51
195,87,605,0,669,8
196,1,408,141,505,209
196,11,486,119,591,197
196,13,326,571,640,788
196,22,577,29,643,74
196,24,742,164,853,244
196,28,589,185,699,266
196,41,464,71,546,125
196,45,509,340,685,467
196,48,517,36,585,86
196,55,580,0,630,14
196,58,602,110,687,164
196,79,572,0,630,21
196,86,635,15,687,52
196,87,603,0,671,9
197,1,407,140,506,209
197,11,484,119,592,200
197,13,307,589,636,816
197,22,579,30,645,74
197,24,746,169,858,250
197,28,589,190,698,270
197,41,462,72,544,125
197,45,506,350,683,478
197,48,515,37,586,89
197,55,581,0,630,14
197,58,602,112,688,167
197,59,609,0,666,9
197,79,570,0,633,23
197,86,637,15,687,51
197,87,601,0,672,9
198,1,407,140,506,209
198,11,484,120,592,202
198,13,287,610,632,848
198,22,584,31,648,74
198,24,749,172,862,255
198,28,588,192,700,275
198,41,457,69,547,127
198,45,504,357,684,487
198,48,513,39,588,94
198,58,603,114,689,169
198,59,607,0,668,10
198,79,569,0,634,24
198,86,636,17,688,54
199,1,407,140,507,210
199,11,485,120,595,204
199,13,266,631,620,877
199,22,583,31,648,75
199,24,749,175,863,259
199,28,588,195,701,279
199,39,690,108,778,163
199,41,455,67,549,128
199,45,500,364,684,497
199,48,510,41,585,96
199,58,597,116,685,173
199,59,608,0,667,10
199,78,610,0,666,10
199,79,568,0,633,25
199,86,635,18,688,56
200,1,407,140,508,210
200,11,484,122,594,205
200,13,244,653,609,908
200,22,584,32,648,76
200,24,752,179,864,261
200,28,590,202,699,282
200,39,691,110,779,165
200,41,457,69,548,128
200,45,496,373,681,507
200,48,509,42,582,96
200,58,600,120,687,176
200,78,607,0,665,11
200,79,568,0,633,26
200,86,633,20,685,56
201,1,407,139,508,210
201,11,484,122,595,207
201,13,232,679,603,941
201,24,757,182,866,264
201,28,588,205,699,288
201,39,696,113,784,167
201,41,457,68,548,128
201,45,486,382,681,523
201,48,517,35,580,82
201,58,595,120,687,180
201,78,606,0,664,11
201,79,567,0,634,27
201,86,632,21,684,58
202,1,407,139,509,210
202,11,482,124,595,209
202,13,211,704,597,980
202,24,759,184,870,267
202,28,588,209,700,293
202,39,698,114,788,170
202,45,480,390,686,538
202,48,522,32,580,75
202,58,593,121,686,182
202,79,568,0,634,27
202,86,630,22,684,60
202,94,518,61,581,106
203,1,408,139,510,211
203,11,484,127,595,211
203,13,198,735,574,1006
203,24,761,185,873,271
203,28,586,212,701,299
203,39,700,116,790,172
203,45,471,398,681,550
203,48,522,30,581,72
203,58,591,123,685,185
203,79,569,0,633,27
203,86,631,23,685,61
203,94,521,63,582,107
204,1,408,139,510,211
204,11,483,129,595,214
204,13,210,756,578,1024
204,24,762,187,879,276
204,28,587,217,702,303
204,39,702,117,792,174
204,45,465,410,680,565
204,48,522,29,581,71
204,58,584,126,681,192
204,79,570,0,633,28
204,86,629,26,684,64
204,94,522,65,583,109
205,1,408,139,510,211
205,13,198,773,573,1047
205,22,586,35,650,79
205,24,764,191,881,280
205,28,586,221,702,308
205,39,705,119,794,176
205,45,456,418,676,576
205,48,522,29,581,70
205,58,583,130,680,195
205,79,569,0,633,29
205,86,630,27,687,66
205,94,522,67,584,111
206,1,408,139,509,211
206,11,490,134,601,218
206,22,587,35,652,80
206,24,766,194,882,283
206,28,585,224,704,314
206,39,706,121,796,178
206,45,448,430,674,592
206,48,523,30,582,71
206,58,584,134,679,197
206,79,569,0,634,30
206,86,634,28,690,66
206,94,523,69,585,113
207,1,408,139,509,211
207,11,491,136,602,221
207,22,587,35,653,81
207,24,768,198,883,286
207,28,581,226,706,320
207,39,707,122,799,181
207,45,442,440,675,607
207,48,525,31,582,71
207,58,584,136,680,200
207,69,617,0,663,23
207,79,570,0,633,30
207,86,635,30,690,68
207,94,524,72,585,114
207,95,281,839,498,1000
208,1,408,139,509,211
208,11,491,139,601,223
208,13,214,873,498,1079
208,22,586,38,650,83
208,24,771,202,884,289
208,28,583,232,707,325
208,39,708,123,802,183
208,45,434,452,672,622
208,48,526,33,583,72
208,58,587,138,683,203
208,69,617,0,660,19
208,79,570,0,633,30
208,86,637,31,693,69
208,94,524,73,584,115
208,95,270,854,492,1019
209,1,407,139,509,211
209,11,490,140,602,225
209,13,218,913,454,1079
209,22,585,36,649,81
209,24,771,205,885,293
209,28,583,237,709,331
209,39,710,124,805,186
209,45,426,465,674,641
209,48,526,34,584,73
209,58,590,140,686,206
209,69,617,0,661,18
209,79,570,0,633,31
209,86,638,32,694,70
209,94,523,74,584,117
209,96,80,819,458,1064
210,1,407,140,508,212
210,11,491,142,604,228
210,13,211,936,440,1079
210,22,587,38,649,82
210,24,772,208,887,297
210,28,583,243,707,336
210,39,711,126,808,188
210,45,413,476,673,659
210,48,526,35,585,74
210,58,591,142,689,209
210,69,618,0,665,19
210,79,571,0,634,32
210,86,642,34,697,71
210,94,522,74,584,118
210,96,110,895,403,1078
211,1,408,140,508,212
211,11,489,142,606,231
211,22,586,39,649,85
211,24,774,211,891,301
211,28,581,248,707,342
211,39,713,129,810,191
211,45,400,489,668,678
211,48,525,36,586,76
211,58,591,144,690,213
211,69,617,0,665,19
211,79,571,0,634,32
211,86,645,35,701,73
211,94,522,75,585,118
211,96,210,988,367,1079
212,1,408,140,508,212
212,11,489,144,606,234
212,22,589,40,650,85
212,24,777,215,896,306
212,28,581,254,707,347
212,39,717,132,811,193
212,41,456,80,531,128
212,45,388,501,666,695
212,48,526,37,586,77
212,58,592,148,689,216
212,69,616,0,666,20
212,79,571,0,634,33
212,86,645,36,701,74
212,94,521,74,586,119
212,96,244,1040,334,1079
213,1,408,141,508,212
213,11,488,146,605,237
213,22,591,43,652,87
213,24,779,218,900,311
213,28,576,257,709,355
213,39,719,135,812,195
213,41,453,79,530,128
213,45,375,516,660,715
213,48,525,39,586,79
213,58,591,152,689,220
213,69,614,0,666,20
213,79,571,0,633,33
213,86,646,37,702,75
213,94,523,71,591,117
214,1,408,141,507,212
214,11,488,150,605,240
214,22,595,42,653,85
214,24,778,220,904,316
214,28,577,265,705,359
214,39,721,137,814,198
214,41,455,82,528,127
214,45,355,527,655,735
214,48,525,40,586,79
214,58,592,156,690,225
214,69,614,0,667,21
214,79,572,0,633,33
214,86,647,38,703,76
214,94,526,73,592,118
215,1,408,141,507,212
215,11,489,153,604,243
215,22,596,41,654,84
215,24,779,222,907,321
215,28,576,272,706,366
215,39,721,138,817,201
215,41,456,83,527,127
215,45,339,537,654,756
215,48,525,41,586,80
215,58,593,159,692,229
215,69,614,0,669,22
215,79,575,0,634,33
215,86,649,40,704,78
215,94,523,76,589,121
216,1,408,141,507,212
216,11,489,156,604,246
216,22,595,39,649,78
216,24,780,225,909,324
216,28,574,275,709,373
216,39,723,140,819,203
216,41,454,78,533,127
216,45,324,552,652,779
216,48,526,42,586,81
216,58,592,161,693,232
216,69,614,0,670,23
216,79,577,1,635,33
216,86,651,43,705,79
216,94,523,78,589,122
217,1,409,142,506,211
217,11,490,159,604,249
217,22,595,38,646,75
217,24,782,228,910,327
217,28,573,279,713,380
217,39,724,140,821,205
217,41,455,78,535,128
217,45,310,568,649,803
217,48,526,44,586,82
217,58,593,164,693,235
217,69,615,0,672,24
217,79,579,1,636,34
217,86,654,45,706,80
217,94,523,79,590,124
218,1,409,141,506,211
218,11,489,162,605,254
218,22,595,39,643,74
218,24,782,230,912,333
218,28,568,284,715,390
218,39,725,141,824,208
218,41,455,74,542,128
218,45,290,584,646,831
218,48,525,46,585,84
218,58,592,168,691,238
218,69,617,0,673,24
218,79,580,3,635,34
218,86,655,46,708,82
218,94,522,81,588,126
219,1,409,141,506,210
219,11,486,165,605,258
219,22,596,40,644,74
219,24,781,234,915,339
219,28,570,291,713,394
219,39,725,143,826,210
219,41,455,72,546,129
219,45,266,601,637,860
219,48,524,46,584,85
219,58,592,172,691,243
219,69,617,0,675,25
219,79,581,4,634,35
219,86,655,48,708,83
219,94,520,82,587,128
220,1,409,141,506,210
220,11,483,166,606,264
220,22,596,39,647,75
220,24,783,238,916,343
220,28,562,293,712,403
220,39,726,144,828,213
220,41,455,71,547,129
220,45,247,622,629,889
220,48,519,49,582,89
220,58,592,175,693,247
220,69,615,0,676,27
220,79,580,4,635,36
220,86,659,50,712,84
220,94,517,83,588,130
220,98,599,64,654,105
221,1,409,141,506,209
221,11,482,168,606,267
221,22,596,40,648,76
221,24,783,240,919,349
221,28,556,299,711,412
221,39,727,147,830,216
221,45,235,639,621,912
221,48,516,52,580,92
221,58,592,178,695,252
221,69,614,0,677,28
221,79,580,4,635,37
221,86,663,51,715,86
221,94,516,85,588,133
221,98,600,65,656,107
222,1,410,141,506,209
222,11,481,170,606,269
222,22,595,40,648,77
222,24,787,244,923,353
222,28,554,305,709,418
222,39,730,151,831,219
222,45,213,663,613,948
222,48,517,53,581,93
222,58,593,180,697,256
222,69,614,0,677,29
222,79,581,5,636,38
222,86,664,53,719,88
222,94,516,86,589,134
222,98,602,66,657,108
223,1,409,141,505,209
223,11,479,170,608,273
223,22,595,41,649,79
223,24,792,251,923,356
223,28,554,315,701,423
223,39,733,153,834,222
223,45,189,685,606,983
223,47,622,0,673,30
223,48,515,54,580,95
223,58,592,183,697,260
223,69,614,0,678,30
223,79,581,6,635,38
223,86,664,52,722,90
223,94,516,87,589,136
223,98,601,69,656,110
224,1,409,141,505,209
224,11,477,173,608,277
224,22,595,42,649,80
224,24,795,255,925,358
224,28,551,321,703,433
224,39,735,155,837,224
224,41,455,73,542,129
224,45,157,706,593,1020
224,47,624,0,674,29
224,48,518,54,581,94
224,58,592,187,696,263
224,79,582,6,635,39
224,86,665,53,725,92
224,94,517,90,590,138
224,98,599,70,655,111
225,1,409,141,505,208
225,11,478,176,609,279
225,22,595,44,649,81
225,24,795,259,927,365
225,28,546,329,701,444
225,39,738,158,840,227
225,41,458,74,542,127
225,45,125,724,584,1055
225,47,627,0,678,29
225,48,517,56,581,97
225,58,591,190,697,268
225,79,583,7,636,40
225,86,666,54,726,93
225,94,517,92,590,140
225,98,597,67,658,112
226,1,409,141,504,208
226,11,479,182,606,282
226,22,594,45,649,84
226,24,794,262,931,374
226,28,536,333,701,456
226,39,740,161,844,231
226,41,463,75,543,126
226,45,107,747,564,1078
226,47,628,0,680,30
226,48,514,59,579,99
226,58,593,195,700,273
226,79,583,7,636,41
226,86,667,56,728,95
226,94,516,94,589,141
226,98,597,65,660,113
227,1,409,141,504,208
227,11,478,189,603,286
227,22,596,46,652,86
227,24,794,266,935,383
227,28,531,338,702,468
227,39,743,163,847,234
227,41,466,77,542,125
227,45,115,775,544,1079
227,47,631,1,682,31
227,48,513,60,579,101
227,58,595,200,700,277
227,79,583,8,637,42
227,86,667,56,729,97
227,94,518,96,590,142
227,98,597,66,661,113
228,1,409,141,504,208
228,11,477,191,603,290
228,22,597,47,654,87
228,24,796,270,937,387
228,28,530,346,701,477
228,39,745,163,852,236
228,41,468,78,541,124
228,45,100,792,537,1079
228,47,631,2,681,31
228,48,512,61,577,101
228,58,597,206,700,282
228,79,582,9,636,43
228,86,669,58,731,99
228,94,518,97,590,143
228,98,596,69,658,115
229,1,408,141,505,208
229,11,473,194,604,296
229,22,597,50,653,89
229,24,797,274,939,391
229,28,527,354,698,487
229,39,745,165,856,241
229,41,466,77,540,124
229,47,632,4,683,33
229,48,507,63,574,104
229,58,596,210,702,288
229,79,582,10,636,44
229,86,671,60,733,101
229,94,517,98,590,144
229,98,593,68,659,117
230,1,408,141,505,209
230,11,472,199,605,301
230,22,598,52,655,92
230,24,799,280,938,394
230,28,526,361,699,496
230,39,745,168,859,245
230,41,472,73,548,122
230,47,631,5,683,35
230,48,506,64,573,106
230,58,594,215,700,292
230,79,582,11,636,45
230,86,671,61,734,102
230,94,517,99,590,147
230,98,593,69,660,119
231,1,408,141,505,209
231,11,473,204,606,306
231,22,599,54,656,94
231,24,800,282,941,398
231,28,527,374,695,505
231,39,746,170,862,249
231,41,472,72,550,122
231,47,632,5,684,36
231,58,593,218,702,299
231,79,582,12,636,47
231,86,671,61,735,103
231,94,518,102,592,149
231,98,595,73,659,121
232,1,408,141,505,208
232,11,470,207,607,312
232,22,602,55,660,96
232,24,801,284,945,403
232,28,520,383,695,520
232,39,748,172,864,251
232,41,466,76,544,124
232,47,632,7,685,37
232,58,593,223,702,303
232,79,581,13,636,48
232,86,676,63,739,104
232,94,518,104,593,152
232,98,598,80,659,125
233,1,407,141,506,209
233,11,467,207,609,316
233,22,606,57,666,99
233,24,800,286,951,410
233,28,513,390,694,531
233,39,750,174,866,253
233,41,462,76,543,126
233,47,633,7,686,37
233,48,516,62,584,104
233,58,591,227,702,310
233,79,580,15,635,49
233,86,678,64,742,106
233,94,517,105,595,154
233,98,598,81,661,127
234,1,407,141,506,208
234,11,463,209,607,319
234,22,610,60,667,100
234,24,803,289,955,415
234,28,507,400,696,546
234,39,753,177,867,256
234,41,458,74,544,127
234,47,635,7,687,37
234,48,517,62,586,105
234,58,591,232,702,315
234,79,581,15,637,50
234,86,678,65,744,107
234,94,519,108,595,156
234,98,601,85,661,129
235,1,408,141,506,208
235,11,462,211,607,322
235,22,610,59,667,99
235,24,803,291,960,422
235,28,503,409,697,558
235,39,755,180,869,259
235,41,456,75,545,130
235,47,637,7,691,38
235,48,518,63,587,106
235,58,590,237,704,321
235,79,581,16,637,51
235,86,680,66,746,110
235,94,521,111,595,158
235,98,599,83,663,130
236,1,408,141,506,208
236,11,461,214,606,325
236,22,608,59,663,97
236,24,806,296,964,429
236,28,497,417,694,569
236,39,759,183,871,261
236,41,455,74,546,129
236,47,638,7,693,39
236,48,518,64,588,107
236,58,591,242,706,328
236,86,681,69,745,111
236,94,523,113,596,159
236,98,600,84,663,130
237,1,408,141,506,208
237,11,458,219,603,328
237,22,608,59,663,98
237,24,809,302,967,435
237,28,489,428,690,583
237,39,761,184,873,263
237,41,457,74,547,129
237,47,639,8,695,40
237,48,518,66,587,109
237,58,590,247,708,335
237,86,683,71,747,112
237,94,525,114,600,161
237,98,598,82,663,130
237,103,584,0,633,5
238,1,408,141,506,208
238,11,454,223,602,333
238,22,608,59,663,98
238,24,810,306,969,441
238,28,479,436,689,598
238,39,764,187,875,265
238,41,467,72,554,125
238,47,641,8,697,41
238,48,518,69,587,112
238,58,588,252,708,342
238,86,671,73,735,114
238,94,526,114,603,164
238,98,604,90,664,134
238,103,583,0,633,6
239,1,408,140,507,208
239,11,449,227,600,339
239,22,607,59,664,99
239,24,810,309,972,446
239,28,468,447,689,615
239,39,764,188,879,269
239,41,475,71,559,123
239,47,640,8,699,42
239,48,519,70,588,113
239,58,589,260,708,348
239,86,667,74,732,116
239,94,520,110,599,160
239,98,607,95,666,137
239,103,581,0,632,6
240,1,409,140,507,208
240,11,445,231,599,346
240,22,607,58,666,100
240,24,812,313,975,453
240,28,452,456,689,634
240,39,767,191,881,272
240,41,489,71,568,120
240,47,641,7,699,41
240,58,586,262,712,354
240,86,678,75,743,118
240,94,517,113,598,165
240,98,609,98,668,140
240,103,581,0,633,6
241,1,408,140,507,208
241,11,443,234,602,353
241,22,605,59,665,102
241,24,814,320,976,459
241,28,446,466,691,649
241,39,770,195,883,276
241,41,491,70,570,119
241,47,642,8,700,42
241,58,584,267,715,363
241,86,676,77,741,119
241,94,516,112,596,163
241,98,611,102,669,143
241,103,580,0,633,6
242,1,408,140,506,207
242,11,437,236,603,361
242,22,604,60,664,103
242,24,815,322,980,466
242,28,439,478,689,663
242,39,772,196,886,279
242,58,582,272,717,372
242,86,676,78,743,121
242,94,521,117,601,168
242,98,610,105,668,145
242,103,578,0,632,6
242,104,624,11,678,46
242,105,465,67,560,123
243,1,409,140,505,206
243,11,435,240,603,366
243,22,605,63,666,106
243,24,818,326,984,472
243,28,433,491,690,680
243,39,774,200,887,282
243,41,515,71,586,115
243,48,523,76,593,120
243,58,581,280,719,382
243,86,677,79,744,122
243,94,522,121,601,172
243,98,610,106,670,147
243,103,577,0,634,7
243,104,617,13,671,49
243,105,466,65,562,122
244,1,409,140,506,207
244,11,431,242,603,371
244,22,607,64,669,109
244,24,817,328,987,478
244,28,420,502,691,698
244,39,776,203,890,285
244,41,522,71,592,114
244,48,520,89,595,136
244,58,577,284,722,392
244,86,674,81,743,125
244,94,522,123,602,174
244,98,609,104,673,148
244,103,572,0,635,7
244,104,621,13,676,49
245,1,408,140,506,207
245,11,428,244,607,380
245,22,607,65,670,110
245,24,818,330,990,483
245,28,405,517,688,720
245,39,778,206,893,290
245,41,524,71,592,114
245,48,520,92,595,139
245,58,578,290,721,396
245,86,680,81,749,126
245,94,516,125,597,177
245,98,609,104,675,149
245,103,572,0,633,7
245,104,621,14,676,50
246,1,409,140,507,207
246,11,428,248,613,389
246,22,608,67,670,111
246,24,818,332,993,488
246,28,395,530,687,739
246,39,778,208,897,294
246,41,524,73,593,116
246,48,519,94,594,141
246,58,575,291,725,403
246,59,573,0,622,8
246,86,683,84,751,128
246,94,516,126,598,179
246,98,610,107,675,152
246,103,570,0,633,8
246,104,623,15,676,51
247,1,409,140,507,207
247,11,425,257,606,395
247,22,607,68,669,111
247,24,816,334,994,493
247,28,392,542,693,757
247,39,778,209,901,297
247,41,524,74,594,117
247,48,519,94,594,141
247,58,571,296,726,412
247,59,571,0,620,8
247,86,685,86,753,130
247,98,601,112,667,157
247,104,629,16,680,50
248,1,408,140,507,208
248,11,417,263,598,401
248,22,604,67,668,111
248,24,818,340,994,499
248,28,376,560,683,778
248,39,779,211,904,302
248,41,523,78,594,121
248,48,519,96,594,144
248,58,567,298,726,418
248,59,571,0,619,7
248,86,684,88,753,132
248,98,607,114,671,158
248,104,631,16,682,50
249,1,408,141,506,207
249,11,412,268,593,405
249,22,604,71,669,115
249,24,819,350,992,506
249,28,353,577,673,803
249,39,779,213,907,306
249,41,521,80,595,126
249,58,561,307,724,432
249,59,571,0,617,7
249,78,573,0,619,8
249,86,684,90,755,135
249,98,600,116,667,161
249,104,630,17,682,51
250,1,408,141,507,208
250,11,407,272,590,410
250,22,605,72,671,117
250,24,822,358,994,514
250,28,335,594,673,832
250,39,780,217,907,309
250,41,521,79,596,126
250,58,559,318,721,443
250,78,569,0,619,9
250,86,686,92,756,137
250,94,513,135,597,189
250,98,597,117,669,166
250,104,628,19,680,54
251,1,408,141,507,208
251,11,404,274,590,415
251,22,603,73,670,118
251,24,823,363,998,521
251,28,318,614,669,862
251,39,780,218,910,312
251,41,521,79,597,127
251,58,554,323,719,451
251,78,568,0,618,9
251,86,686,93,758,139
251,94,514,138,599,192
251,98,596,119,669,169
251,104,627,20,680,55
252,1,409,141,507,207
252,11,402,279,589,422
252,22,601,74,669,119
252,24,825,367,1001,526
252,28,299,630,667,891
252,39,783,222,911,315
252,41,521,80,597,128
252,58,545,327,718,461
252,78,568,0,619,9
252,86,686,93,760,141
252,94,514,141,600,195
252,98,596,122,670,172
252,104,631,19,684,55
253,1,408,141,507,208
253,11,403,286,591,428
253,22,601,75,669,121
253,24,829,372,1003,530
253,28,288,654,656,914
253,39,785,225,913,319
253,41,520,81,598,130
253,58,544,334,719,470
253,78,568,0,621,10
253,79,595,65,664,108
253,86,685,93,762,142
253,94,514,144,600,198
253,98,598,125,671,174
253,104,633,21,686,55
254,1,408,141,507,208
254,11,395,289,586,432
254,24,829,376,1008,539
254,28,261,676,647,949
254,39,788,229,916,324
254,41,521,83,598,131
254,58,545,345,720,482
254,70,574,0,619,11
254,78,567,0,621,10
254,79,596,67,666,111
254,86,687,95,763,144
254,94,516,146,602,201
254,98,599,127,673,176
254,104,635,20,688,56
255,1,408,141,508,209
255,11,382,290,582,440
255,24,826,374,1014,548
255,28,229,694,636,983
255,39,790,233,919,329
255,41,521,84,599,133
255,58,545,352,722,492
255,70,574,0,621,12
255,86,690,96,765,145
255,94,514,147,603,204
255,98,598,128,675,179
255,104,632,19,687,55
256,1,408,141,509,209
256,11,378,297,580,448
256,24,826,381,1017,558
256,28,206,713,635,1018
256,39,791,236,921,333
256,41,517,84,598,135
256,55,575,0,622,13
256,58,543,363,723,504
256,70,574,0,621,12
256,73,587,0,634,18
256,86,691,98,768,148
256,94,514,148,606,206
256,98,601,130,677,181
256,104,638,21,693,57
256,105,451,69,548,127
256,106,586,32,651,72
257,1,408,141,509,209
257,11,376,304,581,458
257,24,828,390,1017,565
257,28,172,734,625,1056
257,39,794,239,925,337
257,41,517,85,596,135
257,55,575,0,623,13
257,58,538,372,724,518
257,73,585,0,634,19
257,86,694,99,771,149
257,94,514,150,605,208
257,98,602,129,679,181
257,104,641,21,697,59
257,105,451,69,550,127
257,106,585,32,651,73
258,1,409,141,509,209
258,11,373,311,579,464
258,24,831,397,1019,570
258,28,166,758,606,1072
258,39,796,243,927,339
258,41,517,86,596,137
258,55,575,0,623,13
258,58,530,384,717,531
258,86,698,102,772,151
258,94,517,153,605,209
258,98,605,134,680,184
258,104,643,23,700,61
258,105,451,68,552,128
258,106,587,34,650,73
259,1,409,141,509,210
259,11,371,319,579,473
259,24,833,403,1022,577
259,28,151,775,600,1079
259,39,799,244,929,342
259,41,515,88,594,139
259,55,575,0,623,14
259,58,525,393,718,544
259,86,700,104,775,153
259,94,508,156,599,214
259,98,606,137,681,188
259,104,644,24,701,62
259,105,451,68,554,128
259,106,588,35,651,74
260,1,408,141,509,210
260,11,367,328,576,481
260,22,606,90,680,140
260,24,833,409,1026,588
260,39,801,248,933,347
260,41,514,90,594,141
260,55,574,0,624,14
260,58,517,403,718,558
260,86,702,107,777,155
260,94,505,158,598,217
260,98,607,140,682,191
260,104,645,25,702,63
260,105,452,67,556,129
260,106,588,35,652,74
261,1,408,141,509,210
261,11,358,333,573,489
261,22,604,91,679,141
261,24,832,414,1029,597
261,39,802,251,938,353
261,41,513,91,594,143
261,55,573,0,624,14
261,58,515,414,715,568
261,73,577,0,620,16
261,86,704,109,779,158
261,94,502,159,599,220
261,98,607,141,684,193
261,104,644,25,702,64
261,105,451,68,555,129
261,106,587,36,652,76
262,1,408,141,509,210
262,11,358,338,576,496
262,22,604,93,680,143
262,24,830,421,1028,605
262,39,803,252,943,357
262,41,513,91,596,145
262,58,504,422,716,585
262,73,576,0,621,16
262,86,705,111,781,160
262,94,501,160,599,223
262,98,608,143,686,195
262,104,645,26,703,65
262,105,450,67,555,130
262,106,586,36,653,78
263,1,408,141,509,210
263,11,350,347,569,504
263,22,602,96,676,145
263,24,833,430,1031,612
263,39,805,254,946,360
263,41,512,92,596,147
263,58,499,436,713,599
263,73,575,0,622,18
263,86,705,113,783,163
263,94,500,161,599,225
263,98,608,145,688,198
263,104,646,28,704,67
263,105,452,67,555,129
263,106,586,37,654,79
264,1,408,141,508,210
264,11,340,352,563,512
264,22,602,98,676,147
264,24,835,438,1032,618
264,39,806,258,947,364
264,41,510,93,596,149
264,58,492,449,705,610
264,73,574,0,623,19
264,86,707,114,786,165
264,94,498,163,599,228
264,98,608,147,688,201
264,104,647,30,704,68
264,105,452,67,554,128
264,106,587,39,653,80
265,1,408,141,508,210
265,11,337,359,561,517
265,24,833,443,1034,627
265,39,809,261,949,368
265,41,510,93,595,150
265,58,481,460,704,628
265,69,578,0,621,20
265,73,572,0,623,19
265,86,708,116,788,167
265,94,497,164,600,231
265,98,608,149,689,204
265,104,648,32,705,70
265,105,451,65,554,127
265,106,586,40,653,81
266,1,408,142,507,209
266,11,325,367,559,531
266,24,828,446,1038,639
266,39,811,265,947,369
266,41,510,95,595,151
266,58,469,472,708,649
266,69,577,0,621,20
266,86,710,118,789,168
266,94,497,168,597,234
266,98,608,151,689,206
266,104,649,33,705,71
266,105,451,66,552,127
266,106,587,44,652,84
267,1,409,142,507,209
267,11,313,371,559,543
267,24,825,453,1040,650
267,39,812,271,951,378
267,41,510,97,594,153
267,58,451,484,704,670
267,69,577,0,621,20
267,79,590,62,658,104
267,86,711,119,791,171
267,94,499,174,595,237
267,98,608,154,689,209
267,104,648,34,706,72
267,105,452,68,551,127
267,106,587,44,652,84
268,1,409,141,507,209
268,11,306,378,555,551
268,22,594,103,671,152
268,24,828,462,1040,657
268,39,812,276,952,385
268,41,513,99,594,153
268,58,437,497,700,690
268,69,577,0,622,20
268,79,590,62,658,105
268,86,712,121,793,173
268,94,498,179,594,242
268,98,609,158,689,212
268,104,648,34,706,74
268,105,452,68,551,127
269,1,409,141,507,209
269,11,293,385,554,566
269,22,593,103,673,155
269,24,830,471,1044,667
269,39,812,275,957,390
269,41,513,101,595,155
269,58,425,512,701,712
269,69,577,0,622,21
269,86,713,123,796,176
269,94,498,182,596,245
269,98,610,162,690,217
269,104,649,37,706,75
270,1,409,141,507,209
270,11,286,394,548,577
270,22,594,106,676,158
270,24,831,479,1050,676
270,39,813,278,956,391
270,41,514,102,596,157
270,58,411,522,703,733
270,69,576,0,622,21
270,86,715,125,800,179
270,94,497,183,599,249
270,98,609,165,691,221
270,104,652,41,706,77
271,1,409,141,506,208
271,11,275,397,555,591
271,22,594,109,677,161
271,24,825,483,1051,688
271,39,816,284,956,394
271,41,514,104,596,158
271,58,403,538,703,752
271,69,575,0,622,22
271,86,719,127,803,181
271,94,496,185,600,253
271,98,610,167,693,224
271,104,654,44,708,79
272,1,409,141,506,208
272,11,267,405,555,603
272,22,595,111,678,163
272,24,823,489,1055,699
272,39,817,286,959,399
272,41,514,106,596,160
272,58,390,552,703,775
272,69,576,0,623,23
272,86,721,129,806,184
272,94,497,188,601,256
272,98,610,170,695,228
272,104,657,46,709,81
273,1,409,141,506,208
273,11,252,408,558,618
273,22,598,114,682,168
273,24,817,499,1054,713
273,39,819,290,960,401
273,41,515,107,599,164
273,58,370,565,703,803
273,69,576,0,625,24
273,86,724,133,807,187
273,94,496,190,600,260
273,98,610,174,695,232
273,104,657,49,711,84
274,1,409,141,506,208
274,11,245,417,559,631
274,22,601,116,684,169
274,24,816,506,1058,725
274,39,819,294,962,405
274,41,514,108,599,165
274,58,355,582,700,828
274,69,577,0,627,24
274,86,726,134,809,188
274,94,496,193,600,262
274,98,609,176,695,235
274,104,658,50,712,86
275,1,409,141,506,207
275,11,233,427,555,645
275,22,601,119,685,172
275,24,809,512,1064,743
275,39,819,294,967,410
275,41,516,111,600,168
275,58,335,601,695,858
275,69,577,0,627,25
275,86,727,135,812,191
275,94,496,197,600,265
275,98,609,181,695,240
275,104,660,51,716,87
276,1,409,141,506,208
276,11,224,435,562,662
276,22,596,118,684,174
276,24,809,521,1068,755
276,39,817,295,971,415
276,41,517,114,601,171
276,58,324,613,694,877
276,69,576,0,628,26
276,86,727,137,813,193
276,94,495,200,600,269
276,98,608,186,694,244
276,104,660,52,718,89
277,1,409,141,505,207
277,11,211,446,553,673
277,22,594,119,683,176
277,24,800,528,1068,769
277,39,816,293,975,418
277,41,516,115,600,172
277,58,293,640,687,923
277,69,577,0,628,26
277,86,727,138,814,195
277,94,493,201,601,273
277,98,607,187,696,248
277,104,661,52,720,90
278,1,408,141,506,208
278,11,199,456,553,687
278,22,592,121,681,178
278,24,793,535,1072,787
278,39,816,295,977,423
278,41,515,117,600,175
278,47,660,54,725,93
278,58,267,660,686,962
278,69,576,0,629,27
278,86,726,139,817,199
278,94,491,204,600,277
278,98,606,188,698,252
278,104,659,54,720,93
279,1,409,141,505,207
279,11,178,464,548,704
279,22,598,127,683,181
279,24,786,545,1073,803
279,39,816,299,975,426
279,41,514,119,600,177
279,47,662,55,726,94
279,48,599,126,682,179
279,58,248,683,685,1000
279,69,575,0,629,28
279,79,589,61,657,103
279,86,727,141,819,202
279,94,491,209,598,280
279,98,606,191,698,256
279,104,660,56,721,94
280,1,409,141,506,207
280,11,170,477,544,718
280,22,598,129,683,184
280,24,784,551,1078,816
280,39,817,302,976,430
280,41,513,120,602,179
280,47,664,56,729,96
280,48,599,128,683,182
280,58,213,706,677,1045
280,69,575,0,629,29
280,79,590,60,658,102
280,86,727,142,822,205
280,94,490,213,597,284
280,98,607,195,700,260
281,1,409,141,506,207
281,11,142,484,538,738
281,24,788,565,1079,827
281,39,819,307,975,434
281,41,513,121,602,181
281,47,666,57,730,97
281,48,599,131,684,186
281,58,186,727,660,1074
281,69,575,0,630,30
281,79,592,62,658,103
281,86,729,146,823,208
281,94,490,217,595,286
281,98,608,200,699,264
282,1,409,141,506,207
282,11,116,493,526,752
282,24,787,573,1087,843
282,39,821,311,976,437
282,41,513,123,602,183
282,47,668,59,733,99
282,48,597,132,684,188
282,58,180,751,634,1079
282,69,574,0,630,31
282,79,594,65,659,105
282,86,731,148,824,210
282,94,487,220,595,290
282,98,608,203,701,268
283,1,409,141,506,207
283,11,86,494,518,765
283,24,783,583,1088,859
283,39,825,316,976,440
283,41,512,124,603,185
283,47,669,60,733,100
283,48,597,135,685,191
283,58,165,767,629,1079
283,69,574,0,629,31
283,79,594,66,659,106
283,86,733,151,827,212
283,94,485,223,594,294
283,98,608,205,703,271
284,1,409,141,507,207
284,11,72,507,519,787
284,24,785,593,1092,873
284,39,825,316,980,444
284,41,512,127,603,187
284,47,671,62,734,101
284,48,597,138,685,194
284,69,574,1,628,32
284,79,595,67,660,108
284,86,736,153,829,215
284,94,484,225,596,297
284,98,608,207,704,276
285,1,410,142,507,207
285,11,57,519,506,799
285,24,789,603,1097,887
285,39,824,317,984,450
285,41,512,129,602,189
285,47,672,65,735,103
285,48,597,141,685,196
285,69,574,1,628,32
285,79,596,69,660,109
285,86,739,157,831,217
285,94,482,228,598,302
285,98,608,211,703,279
286,1,411,141,507,206
286,11,43,527,501,813
286,24,790,613,1103,903
286,39,827,321,986,454
286,41,511,131,602,191
286,47,674,67,735,105
286,48,597,142,687,198
286,69,575,1,628,32
286,79,595,70,660,110
286,86,742,158,835,219
286,94,482,231,597,306
286,98,608,216,701,282
287,1,411,141,508,207
287,11,16,549,493,845
287,22,598,145,686,202
287,24,789,625,1109,921
287,39,829,324,989,459
287,41,511,134,602,194
287,47,675,69,737,107
287,48,595,145,685,202
287,69,574,2,627,33
287,79,595,72,660,112
287,86,743,159,839,222
287,94,481,237,593,309
287,98,607,221,702,288
288,1,410,141,508,207
288,11,1,558,488,860
288,22,598,147,687,204
288,24,778,634,1109,940
288,39,830,327,993,464
288,41,511,136,602,196
288,47,676,69,740,109
288,48,593,146,687,206
288,69,574,3,627,34
288,79,595,72,662,114
288,86,744,161,842,226
288,94,478,242,590,314
288,98,607,224,704,294
289,1,410,141,508,208
289,11,0,591,493,905
289,24,772,639,1116,961
289,39,831,329,996,469
289,41,510,137,603,199
289,47,678,71,743,110
289,48,594,148,689,209
289,69,573,3,627,34
289,79,595,73,663,115
289,86,745,162,848,230
289,94,476,248,588,319
289,98,605,226,706,300
290,1,409,141,508,208
290,11,0,599,489,919
290,24,762,636,1127,980
290,39,829,330,998,475
290,41,508,139,602,202
290,47,678,72,744,112
290,48,594,150,689,212
290,69,573,4,626,35
290,79,594,73,664,117
290,86,747,164,851,234
290,94,472,249,591,324
290,98,605,231,705,304
291,1,409,141,508,208
291,11,0,610,485,937
291,24,759,643,1132,996
291,39,829,334,997,478
291,41,507,140,603,204
291,47,679,73,745,113
291,48,596,153,689,214
291,69,572,4,625,36
291,79,594,74,665,118
291,86,749,166,855,237
291,94,471,252,592,329
291,98,606,236,705,309
292,1,410,141,508,208
292,11,0,610,489,952
292,24,757,666,1133,1024
292,39,833,339,995,480
292,41,507,141,603,206
292,47,680,74,746,115
292,48,598,158,689,217
292,69,572,5,624,36
292,79,595,75,665,119
292,86,753,170,855,239
292,94,471,256,590,333
292,98,606,241,704,313
293,1,410,142,507,208
293,11,0,620,486,970
293,24,758,683,1131,1043
293,39,836,344,997,484
293,41,507,143,604,209
293,47,681,75,748,116
293,48,598,161,690,221
293,69,573,5,624,37
293,79,594,77,664,120
293,86,755,174,856,242
293,94,469,262,589,338
293,98,606,246,705,319
294,1,411,142,507,208
294,24,756,707,1127,1064
294,39,837,349,996,488
294,41,507,145,603,210
294,47,683,76,749,117
294,48,597,164,689,224
294,69,573,6,624,37
294,79,594,78,664,122
294,86,757,177,857,244
294,94,467,265,589,343
294,98,605,251,703,324
295,1,411,142,508,208
295,11,0,656,449,978
295,24,757,729,1118,1075
295,39,836,351,996,493
295,41,506,148,602,214
295,47,684,77,752,119
295,48,593,164,689,226
295,69,573,6,625,38
295,79,592,79,663,124
295,86,758,179,859,246
295,94,466,268,591,349
295,98,605,256,702,328
296,1,411,142,508,209
296,11,0,667,444,993
296,24,758,737,1118,1079
296,39,838,355,998,499
296,41,506,150,602,216
296,47,686,79,754,121
296,48,591,166,688,229
296,69,573,7,625,39
296,79,592,81,663,126
296,86,760,181,862,249
296,94,460,272,589,354
296,98,602,260,701,334
297,1,410,142,509,210
297,24,748,742,1107,1079
297,39,838,358,1000,505
297,41,505,153,602,220
297,47,686,80,756,123
297,48,590,167,688,232
297,69,572,7,625,40
297,79,589,82,662,128
297,86,761,182,865,252
297,94,453,273,589,361
297,98,597,262,704,342
298,1,411,143,508,209
298,24,752,755,1088,1070
298,39,840,364,1003,513
298,41,505,157,601,222
298,47,687,82,756,125
298,48,589,171,685,235
298,69,572,7,625,41
298,79,592,85,664,131
298,86,763,184,867,254
298,94,451,276,589,365
298,98,597,268,704,347
299,1,409,142,509,210
299,24,750,766,1086,1079
299,39,840,364,1011,520
299,41,504,158,601,225
299,47,687,84,758,128
299,48,589,173,688,239
299,69,571,8,624,42
299,79,592,85,667,133
299,86,763,186,870,258
299,94,446,280,590,372
299,98,597,273,703,352
300,1,409,143,508,211
300,39,841,366,1013,524
300,41,503,160,601,227
300,47,688,86,758,129
300,48,589,178,689,243
300,69,571,9,624,43
300,79,590,87,667,135
300,86,765,187,871,260
300,94,442,285,586,377
300,98,596,280,702,358
